DATE,MS_NUM_DEATH
2009-01-01,310
2009-01-02,322
2009-01-03,310
2009-01-04,344
2009-01-05,366
2009-01-06,320
2009-01-07,381
2009-01-08,365
2009-01-09,347
2009-01-10,367
2009-01-11,320
2009-01-12,379
2009-01-13,375
2009-01-14,355
2009-01-15,382
2009-01-16,379
2009-01-17,390
2009-01-18,375
2009-01-19,377
2009-01-20,382
2009-01-21,390
2009-01-22,359
2009-01-23,390
2009-01-24,369
2009-01-25,345
2009-01-26,378
2009-01-27,371
2009-01-28,359
2009-01-29,334
2009-01-30,375
2009-01-31,372
2009-02-01,336
2009-02-02,360
2009-02-03,387
2009-02-04,356
2009-02-05,408
2009-02-06,346
2009-02-07,366
2009-02-08,378
2009-02-09,382
2009-02-10,361
2009-02-11,359
2009-02-12,371
2009-02-13,363
2009-02-14,344
2009-02-15,328
2009-02-16,313
2009-02-17,340
2009-02-18,347
2009-02-19,300
2009-02-20,295
2009-02-21,325
2009-02-22,328
2009-02-23,318
2009-02-24,327
2009-02-25,306
2009-02-26,347
2009-02-27,377
2009-02-28,331
2009-03-01,313
2009-03-02,291
2009-03-03,311
2009-03-04,311
2009-03-05,331
2009-03-06,316
2009-03-07,311
2009-03-08,313
2009-03-09,294
2009-03-10,268
2009-03-11,282
2009-03-12,302
2009-03-13,312
2009-03-14,295
2009-03-15,258
2009-03-16,300
2009-03-17,298
2009-03-18,252
2009-03-19,293
2009-03-20,298
2009-03-21,267
2009-03-22,261
2009-03-23,260
2009-03-24,283
2009-03-25,299
2009-03-26,262
2009-03-27,297
2009-03-28,266
2009-03-29,284
2009-03-30,255
2009-03-31,303
2009-04-01,269
2009-04-02,295
2009-04-03,257
2009-04-04,271
2009-04-05,282
2009-04-06,302
2009-04-07,284
2009-04-08,264
2009-04-09,324
2009-04-10,282
2009-04-11,299
2009-04-12,253
2009-04-13,253
2009-04-14,281
2009-04-15,267
2009-04-16,300
2009-04-17,312
2009-04-18,263
2009-04-19,261
2009-04-20,274
2009-04-21,310
2009-04-22,269
2009-04-23,278
2009-04-24,291
2009-04-25,286
2009-04-26,246
2009-04-27,268
2009-04-28,268
2009-04-29,254
2009-04-30,285
2009-05-01,278
2009-05-02,252
2009-05-03,264
2009-05-04,231
2009-05-05,238
2009-05-06,270
2009-05-07,229
2009-05-08,276
2009-05-09,252
2009-05-10,241
2009-05-11,253
2009-05-12,282
2009-05-13,264
2009-05-14,266
2009-05-15,256
2009-05-16,252
2009-05-17,213
2009-05-18,262
2009-05-19,263
2009-05-20,280
2009-05-21,275
2009-05-22,264
2009-05-23,260
2009-05-24,230
2009-05-25,290
2009-05-26,282
2009-05-27,249
2009-05-28,279
2009-05-29,265
2009-05-30,250
2009-05-31,260
2009-06-01,272
2009-06-02,297
2009-06-03,257
2009-06-04,247
2009-06-05,266
2009-06-06,252
2009-06-07,259
2009-06-08,265
2009-06-09,305
2009-06-10,257
2009-06-11,274
2009-06-12,253
2009-06-13,248
2009-06-14,275
2009-06-15,276
2009-06-16,271
2009-06-17,253
2009-06-18,257
2009-06-19,298
2009-06-20,231
2009-06-21,230
2009-06-22,247
2009-06-23,265
2009-06-24,289
2009-06-25,268
2009-06-26,295
2009-06-27,296
2009-06-28,289
2009-06-29,281
2009-06-30,284
2009-07-01,283
2009-07-02,288
2009-07-03,294
2009-07-04,251
2009-07-05,263
2009-07-06,240
2009-07-07,236
2009-07-08,227
2009-07-09,264
2009-07-10,261
2009-07-11,249
2009-07-12,266
2009-07-13,270
2009-07-14,269
2009-07-15,281
2009-07-16,290
2009-07-17,280
2009-07-18,240
2009-07-19,232
2009-07-20,241
2009-07-21,257
2009-07-22,296
2009-07-23,269
2009-07-24,240
2009-07-25,232
2009-07-26,226
2009-07-27,259
2009-07-28,295
2009-07-29,272
2009-07-30,271
2009-07-31,247
2009-08-01,246
2009-08-02,239
2009-08-03,262
2009-08-04,259
2009-08-05,293
2009-08-06,302
2009-08-07,289
2009-08-08,245
2009-08-09,237
2009-08-10,261
2009-08-11,228
2009-08-12,269
2009-08-13,246
2009-08-14,234
2009-08-15,241
2009-08-16,245
2009-08-17,264
2009-08-18,215
2009-08-19,253
2009-08-20,316
2009-08-21,231
2009-08-22,218
2009-08-23,255
2009-08-24,292
2009-08-25,243
2009-08-26,278
2009-08-27,244
2009-08-28,252
2009-08-29,227
2009-08-30,222
2009-08-31,264
2009-09-01,263
2009-09-02,266
2009-09-03,253
2009-09-04,252
2009-09-05,248
2009-09-06,237
2009-09-07,261
2009-09-08,259
2009-09-09,272
2009-09-10,254
2009-09-11,258
2009-09-12,260
2009-09-13,238
2009-09-14,229
2009-09-15,249
2009-09-16,280
2009-09-17,260
2009-09-18,275
2009-09-19,248
2009-09-20,262
2009-09-21,270
2009-09-22,283
2009-09-23,265
2009-09-24,264
2009-09-25,279
2009-09-26,239
2009-09-27,243
2009-09-28,248
2009-09-29,273
2009-09-30,256
2009-10-01,275
2009-10-02,267
2009-10-03,241
2009-10-04,269
2009-10-05,278
2009-10-06,258
2009-10-07,280
2009-10-08,294
2009-10-09,274
2009-10-10,263
2009-10-11,265
2009-10-12,265
2009-10-13,275
2009-10-14,276
2009-10-15,248
2009-10-16,277
2009-10-17,278
2009-10-18,253
2009-10-19,292
2009-10-20,285
2009-10-21,352
2009-10-22,296
2009-10-23,297
2009-10-24,284
2009-10-25,303
2009-10-26,280
2009-10-27,276
2009-10-28,290
2009-10-29,292
2009-10-30,295
2009-10-31,294
2009-11-01,267
2009-11-02,299
2009-11-03,259
2009-11-04,304
2009-11-05,269
2009-11-06,294
2009-11-07,281
2009-11-08,276
2009-11-09,295
2009-11-10,291
2009-11-11,248
2009-11-12,256
2009-11-13,283
2009-11-14,311
2009-11-15,276
2009-11-16,288
2009-11-17,296
2009-11-18,289
2009-11-19,268
2009-11-20,277
2009-11-21,283
2009-11-22,306
2009-11-23,278
2009-11-24,280
2009-11-25,261
2009-11-26,299
2009-11-27,296
2009-11-28,277
2009-11-29,279
2009-11-30,276
2009-12-01,284
2009-12-02,291
2009-12-03,274
2009-12-04,292
2009-12-05,265
2009-12-06,294
2009-12-07,274
2009-12-08,284
2009-12-09,296
2009-12-10,268
2009-12-11,309
2009-12-12,266
2009-12-13,276
2009-12-14,277
2009-12-15,279
2009-12-16,280
2009-12-17,302
2009-12-18,311
2009-12-19,311
2009-12-20,303
2009-12-21,364
2009-12-22,354
2009-12-23,331
2009-12-24,370
2009-12-25,306
2009-12-26,274
2009-12-27,296
2009-12-28,325
2009-12-29,340
2009-12-30,339
2009-12-31,333
2010-01-01,325
2010-01-02,324
2010-01-03,315
2010-01-04,291
2010-01-05,328
2010-01-06,341
2010-01-07,353
2010-01-08,327
2010-01-09,299
2010-01-10,341
2010-01-11,313
2010-01-12,341
2010-01-13,361
2010-01-14,379
2010-01-15,346
2010-01-16,312
2010-01-17,300
2010-01-18,368
2010-01-19,326
2010-01-20,333
2010-01-21,341
2010-01-22,317
2010-01-23,329
2010-01-24,289
2010-01-25,313
2010-01-26,335
2010-01-27,272
2010-01-28,349
2010-01-29,339
2010-01-30,326
2010-01-31,292
2010-02-01,313
2010-02-02,323
2010-02-03,331
2010-02-04,320
2010-02-05,340
2010-02-06,325
2010-02-07,296
2010-02-08,318
2010-02-09,308
2010-02-10,326
2010-02-11,302
2010-02-12,306
2010-02-13,311
2010-02-14,280
2010-02-15,353
2010-02-16,320
2010-02-17,306
2010-02-18,332
2010-02-19,321
2010-02-20,319
2010-02-21,309
2010-02-22,342
2010-02-23,288
2010-02-24,313
2010-02-25,315
2010-02-26,320
2010-02-27,335
2010-02-28,297
2010-03-01,327
2010-03-02,268
2010-03-03,321
2010-03-04,286
2010-03-05,323
2010-03-06,309
2010-03-07,282
2010-03-08,289
2010-03-09,310
2010-03-10,321
2010-03-11,326
2010-03-12,326
2010-03-13,286
2010-03-14,286
2010-03-15,313
2010-03-16,282
2010-03-17,288
2010-03-18,316
2010-03-19,297
2010-03-20,304
2010-03-21,292
2010-03-22,292
2010-03-23,302
2010-03-24,289
2010-03-25,312
2010-03-26,267
2010-03-27,312
2010-03-28,262
2010-03-29,303
2010-03-30,303
2010-03-31,288
2010-04-01,282
2010-04-02,320
2010-04-03,279
2010-04-04,249
2010-04-05,246
2010-04-06,305
2010-04-07,297
2010-04-08,291
2010-04-09,255
2010-04-10,274
2010-04-11,250
2010-04-12,268
2010-04-13,299
2010-04-14,303
2010-04-15,269
2010-04-16,282
2010-04-17,250
2010-04-18,277
2010-04-19,273
2010-04-20,279
2010-04-21,253
2010-04-22,277
2010-04-23,286
2010-04-24,262
2010-04-25,299
2010-04-26,256
2010-04-27,310
2010-04-28,272
2010-04-29,274
2010-04-30,289
2010-05-01,297
2010-05-02,258
2010-05-03,285
2010-05-04,263
2010-05-05,256
2010-05-06,291
2010-05-07,271
2010-05-08,281
2010-05-09,247
2010-05-10,283
2010-05-11,278
2010-05-12,297
2010-05-13,298
2010-05-14,274
2010-05-15,266
2010-05-16,271
2010-05-17,282
2010-05-18,296
2010-05-19,263
2010-05-20,287
2010-05-21,280
2010-05-22,301
2010-05-23,280
2010-05-24,288
2010-05-25,289
2010-05-26,276
2010-05-27,280
2010-05-28,270
2010-05-29,250
2010-05-30,233
2010-05-31,261
2010-06-01,287
2010-06-02,290
2010-06-03,312
2010-06-04,315
2010-06-05,278
2010-06-06,286
2010-06-07,303
2010-06-08,260
2010-06-09,275
2010-06-10,290
2010-06-11,263
2010-06-12,241
2010-06-13,250
2010-06-14,235
2010-06-15,226
2010-06-16,242
2010-06-17,270
2010-06-18,278
2010-06-19,261
2010-06-20,224
2010-06-21,276
2010-06-22,265
2010-06-23,298
2010-06-24,254
2010-06-25,320
2010-06-26,274
2010-06-27,274
2010-06-28,306
2010-06-29,330
2010-06-30,294
2010-07-01,292
2010-07-02,363
2010-07-03,348
2010-07-04,267
2010-07-05,278
2010-07-06,301
2010-07-07,255
2010-07-08,284
2010-07-09,294
2010-07-10,330
2010-07-11,321
2010-07-12,330
2010-07-13,284
2010-07-14,271
2010-07-15,255
2010-07-16,262
2010-07-17,247
2010-07-18,222
2010-07-19,260
2010-07-20,318
2010-07-21,291
2010-07-22,259
2010-07-23,222
2010-07-24,244
2010-07-25,248
2010-07-26,255
2010-07-27,257
2010-07-28,251
2010-07-29,245
2010-07-30,271
2010-07-31,212
2010-08-01,261
2010-08-02,247
2010-08-03,283
2010-08-04,244
2010-08-05,264
2010-08-06,271
2010-08-07,247
2010-08-08,229
2010-08-09,278
2010-08-10,269
2010-08-11,272
2010-08-12,261
2010-08-13,251
2010-08-14,263
2010-08-15,222
2010-08-16,259
2010-08-17,234
2010-08-18,266
2010-08-19,255
2010-08-20,267
2010-08-21,272
2010-08-22,300
2010-08-23,288
2010-08-24,261
2010-08-25,248
2010-08-26,249
2010-08-27,246
2010-08-28,278
2010-08-29,228
2010-08-30,246
2010-08-31,270
2010-09-01,243
2010-09-02,255
2010-09-03,285
2010-09-04,248
2010-09-05,257
2010-09-06,252
2010-09-07,263
2010-09-08,271
2010-09-09,270
2010-09-10,274
2010-09-11,258
2010-09-12,238
2010-09-13,302
2010-09-14,293
2010-09-15,283
2010-09-16,273
2010-09-17,271
2010-09-18,253
2010-09-19,236
2010-09-20,261
2010-09-21,275
2010-09-22,319
2010-09-23,307
2010-09-24,281
2010-09-25,270
2010-09-26,268
2010-09-27,306
2010-09-28,275
2010-09-29,259
2010-09-30,267
2010-10-01,304
2010-10-02,281
2010-10-03,260
2010-10-04,283
2010-10-05,292
2010-10-06,266
2010-10-07,298
2010-10-08,291
2010-10-09,267
2010-10-10,258
2010-10-11,252
2010-10-12,257
2010-10-13,250
2010-10-14,263
2010-10-15,262
2010-10-16,261
2010-10-17,268
2010-10-18,274
2010-10-19,271
2010-10-20,316
2010-10-21,274
2010-10-22,262
2010-10-23,271
2010-10-24,282
2010-10-25,277
2010-10-26,286
2010-10-27,267
2010-10-28,285
2010-10-29,306
2010-10-30,309
2010-10-31,275
2010-11-01,261
2010-11-02,284
2010-11-03,288
2010-11-04,296
2010-11-05,280
2010-11-06,268
2010-11-07,278
2010-11-08,300
2010-11-09,273
2010-11-10,266
2010-11-11,261
2010-11-12,287
2010-11-13,297
2010-11-14,288
2010-11-15,236
2010-11-16,287
2010-11-17,283
2010-11-18,298
2010-11-19,313
2010-11-20,269
2010-11-21,239
2010-11-22,250
2010-11-23,278
2010-11-24,307
2010-11-25,292
2010-11-26,312
2010-11-27,283
2010-11-28,274
2010-11-29,290
2010-11-30,309
2010-12-01,327
2010-12-02,305
2010-12-03,288
2010-12-04,327
2010-12-05,301
2010-12-06,314
2010-12-07,304
2010-12-08,321
2010-12-09,321
2010-12-10,309
2010-12-11,287
2010-12-12,316
2010-12-13,324
2010-12-14,326
2010-12-15,317
2010-12-16,358
2010-12-17,318
2010-12-18,333
2010-12-19,312
2010-12-20,309
2010-12-21,320
2010-12-22,338
2010-12-23,340
2010-12-24,340
2010-12-25,326
2010-12-26,339
2010-12-27,331
2010-12-28,320
2010-12-29,320
2010-12-30,344
2010-12-31,334
2011-01-01,331
2011-01-02,331
2011-01-03,368
2011-01-04,365
2011-01-05,301
2011-01-06,344
2011-01-07,350
2011-01-08,319
2011-01-09,287
2011-01-10,300
2011-01-11,336
2011-01-12,361
2011-01-13,377
2011-01-14,328
2011-01-15,294
2011-01-16,327
2011-01-17,316
2011-01-18,312
2011-01-19,323
2011-01-20,341
2011-01-21,310
2011-01-22,313
2011-01-23,276
2011-01-24,275
2011-01-25,324
2011-01-26,276
2011-01-27,317
2011-01-28,303
2011-01-29,273
2011-01-30,262
2011-01-31,275
2011-02-01,311
2011-02-02,297
2011-02-03,316
2011-02-04,327
2011-02-05,327
2011-02-06,291
2011-02-07,303
2011-02-08,299
2011-02-09,292
2011-02-10,284
2011-02-11,288
2011-02-12,305
2011-02-13,295
2011-02-14,311
2011-02-15,292
2011-02-16,309
2011-02-17,310
2011-02-18,296
2011-02-19,287
2011-02-20,263
2011-02-21,274
2011-02-22,268
2011-02-23,314
2011-02-24,312
2011-02-25,317
2011-02-26,295
2011-02-27,273
2011-02-28,286
2011-03-01,281
2011-03-02,269
2011-03-03,275
2011-03-04,305
2011-03-05,288
2011-03-06,268
2011-03-07,305
2011-03-08,313
2011-03-09,305
2011-03-10,325
2011-03-11,325
2011-03-12,297
2011-03-13,274
2011-03-14,299
2011-03-15,318
2011-03-16,302
2011-03-17,282
2011-03-18,298
2011-03-19,300
2011-03-20,278
2011-03-21,308
2011-03-22,269
2011-03-23,330
2011-03-24,282
2011-03-25,319
2011-03-26,286
2011-03-27,255
2011-03-28,263
2011-03-29,319
2011-03-30,295
2011-03-31,282
2011-04-01,296
2011-04-02,295
2011-04-03,264
2011-04-04,282
2011-04-05,254
2011-04-06,275
2011-04-07,314
2011-04-08,302
2011-04-09,283
2011-04-10,226
2011-04-11,249
2011-04-12,260
2011-04-13,284
2011-04-14,277
2011-04-15,296
2011-04-16,268
2011-04-17,264
2011-04-18,252
2011-04-19,270
2011-04-20,293
2011-04-21,322
2011-04-22,332
2011-04-23,307
2011-04-24,270
2011-04-25,295
2011-04-26,283
2011-04-27,273
2011-04-28,298
2011-04-29,275
2011-04-30,273
2011-05-01,237
2011-05-02,278
2011-05-03,283
2011-05-04,235
2011-05-05,258
2011-05-06,291
2011-05-07,264
2011-05-08,273
2011-05-09,304
2011-05-10,310
2011-05-11,304
2011-05-12,255
2011-05-13,293
2011-05-14,247
2011-05-15,249
2011-05-16,248
2011-05-17,271
2011-05-18,246
2011-05-19,255
2011-05-20,283
2011-05-21,285
2011-05-22,284
2011-05-23,266
2011-05-24,289
2011-05-25,280
2011-05-26,277
2011-05-27,284
2011-05-28,306
2011-05-29,257
2011-05-30,279
2011-05-31,262
2011-06-01,291
2011-06-02,288
2011-06-03,272
2011-06-04,319
2011-06-05,286
2011-06-06,276
2011-06-07,265
2011-06-08,272
2011-06-09,274
2011-06-10,283
2011-06-11,247
2011-06-12,253
2011-06-13,259
2011-06-14,268
2011-06-15,277
2011-06-16,268
2011-06-17,277
2011-06-18,284
2011-06-19,255
2011-06-20,252
2011-06-21,268
2011-06-22,273
2011-06-23,280
2011-06-24,265
2011-06-25,256
2011-06-26,238
2011-06-27,297
2011-06-28,384
2011-06-29,315
2011-06-30,249
2011-07-01,262
2011-07-02,269
2011-07-03,261
2011-07-04,274
2011-07-05,261
2011-07-06,285
2011-07-07,310
2011-07-08,308
2011-07-09,275
2011-07-10,257
2011-07-11,266
2011-07-12,263
2011-07-13,255
2011-07-14,252
2011-07-15,256
2011-07-16,261
2011-07-17,245
2011-07-18,284
2011-07-19,254
2011-07-20,254
2011-07-21,238
2011-07-22,265
2011-07-23,238
2011-07-24,257
2011-07-25,272
2011-07-26,252
2011-07-27,255
2011-07-28,241
2011-07-29,262
2011-07-30,242
2011-07-31,253
2011-08-01,282
2011-08-02,244
2011-08-03,312
2011-08-04,285
2011-08-05,277
2011-08-06,302
2011-08-07,229
2011-08-08,257
2011-08-09,263
2011-08-10,263
2011-08-11,302
2011-08-12,278
2011-08-13,280
2011-08-14,235
2011-08-15,233
2011-08-16,249
2011-08-17,237
2011-08-18,300
2011-08-19,257
2011-08-20,246
2011-08-21,248
2011-08-22,232
2011-08-23,289
2011-08-24,317
2011-08-25,250
2011-08-26,277
2011-08-27,245
2011-08-28,248
2011-08-29,240
2011-08-30,240
2011-08-31,250
2011-09-01,260
2011-09-02,274
2011-09-03,315
2011-09-04,277
2011-09-05,248
2011-09-06,257
2011-09-07,262
2011-09-08,271
2011-09-09,271
2011-09-10,292
2011-09-11,231
2011-09-12,252
2011-09-13,273
2011-09-14,263
2011-09-15,269
2011-09-16,275
2011-09-17,258
2011-09-18,232
2011-09-19,252
2011-09-20,256
2011-09-21,251
2011-09-22,272
2011-09-23,266
2011-09-24,256
2011-09-25,266
2011-09-26,281
2011-09-27,290
2011-09-28,289
2011-09-29,326
2011-09-30,294
2011-10-01,289
2011-10-02,246
2011-10-03,277
2011-10-04,273
2011-10-05,270
2011-10-06,266
2011-10-07,266
2011-10-08,289
2011-10-09,250
2011-10-10,299
2011-10-11,269
2011-10-12,295
2011-10-13,271
2011-10-14,268
2011-10-15,276
2011-10-16,236
2011-10-17,247
2011-10-18,288
2011-10-19,265
2011-10-20,284
2011-10-21,309
2011-10-22,260
2011-10-23,277
2011-10-24,291
2011-10-25,293
2011-10-26,322
2011-10-27,254
2011-10-28,315
2011-10-29,321
2011-10-30,289
2011-10-31,318
2011-11-01,307
2011-11-02,281
2011-11-03,311
2011-11-04,305
2011-11-05,320
2011-11-06,274
2011-11-07,257
2011-11-08,286
2011-11-09,293
2011-11-10,298
2011-11-11,281
2011-11-12,266
2011-11-13,256
2011-11-14,290
2011-11-15,303
2011-11-16,278
2011-11-17,324
2011-11-18,333
2011-11-19,279
2011-11-20,270
2011-11-21,273
2011-11-22,342
2011-11-23,272
2011-11-24,282
2011-11-25,296
2011-11-26,286
2011-11-27,276
2011-11-28,265
2011-11-29,341
2011-11-30,318
2011-12-01,340
2011-12-02,309
2011-12-03,294
2011-12-04,292
2011-12-05,300
2011-12-06,339
2011-12-07,320
2011-12-08,305
2011-12-09,310
2011-12-10,315
2011-12-11,293
2011-12-12,315
2011-12-13,327
2011-12-14,332
2011-12-15,323
2011-12-16,328
2011-12-17,288
2011-12-18,290
2011-12-19,359
2011-12-20,328
2011-12-21,365
2011-12-22,345
2011-12-23,317
2011-12-24,335
2011-12-25,334
2011-12-26,303
2011-12-27,331
2011-12-28,320
2011-12-29,347
2011-12-30,349
2011-12-31,337
2012-01-01,334
2012-01-02,314
2012-01-03,397
2012-01-04,312
2012-01-05,326
2012-01-06,326
2012-01-07,304
2012-01-08,307
2012-01-09,310
2012-01-10,314
2012-01-11,308
2012-01-12,356
2012-01-13,312
2012-01-14,305
2012-01-15,313
2012-01-16,334
2012-01-17,291
2012-01-18,334
2012-01-19,368
2012-01-20,290
2012-01-21,302
2012-01-22,313
2012-01-23,334
2012-01-24,337
2012-01-25,310
2012-01-26,307
2012-01-27,315
2012-01-28,316
2012-01-29,314
2012-01-30,303
2012-01-31,336
2012-02-01,360
2012-02-02,324
2012-02-03,367
2012-02-04,342
2012-02-05,326
2012-02-06,330
2012-02-07,344
2012-02-08,340
2012-02-09,349
2012-02-10,396
2012-02-11,378
2012-02-12,308
2012-02-13,393
2012-02-14,397
2012-02-15,396
2012-02-16,400
2012-02-17,391
2012-02-18,388
2012-02-19,352
2012-02-20,407
2012-02-21,365
2012-02-22,403
2012-02-23,401
2012-02-24,387
2012-02-25,461
2012-02-26,346
2012-02-27,387
2012-02-28,408
2012-02-29,370
2012-03-01,386
2012-03-02,382
2012-03-03,360
2012-03-04,357
2012-03-05,356
2012-03-06,348
2012-03-07,353
2012-03-08,344
2012-03-09,357
2012-03-10,368
2012-03-11,354
2012-03-12,345
2012-03-13,362
2012-03-14,318
2012-03-15,380
2012-03-16,360
2012-03-17,344
2012-03-18,318
2012-03-19,303
2012-03-20,322
2012-03-21,322
2012-03-22,328
2012-03-23,302
2012-03-24,341
2012-03-25,244
2012-03-26,309
2012-03-27,334
2012-03-28,328
2012-03-29,333
2012-03-30,324
2012-03-31,307
2012-04-01,271
2012-04-02,314
2012-04-03,298
2012-04-04,297
2012-04-05,291
2012-04-06,300
2012-04-07,312
2012-04-08,287
2012-04-09,310
2012-04-10,305
2012-04-11,333
2012-04-12,285
2012-04-13,318
2012-04-14,291
2012-04-15,280
2012-04-16,269
2012-04-17,305
2012-04-18,327
2012-04-19,318
2012-04-20,327
2012-04-21,290
2012-04-22,274
2012-04-23,271
2012-04-24,313
2012-04-25,299
2012-04-26,279
2012-04-27,332
2012-04-28,246
2012-04-29,287
2012-04-30,310
2012-05-01,302
2012-05-02,302
2012-05-03,318
2012-05-04,300
2012-05-05,287
2012-05-06,272
2012-05-07,281
2012-05-08,267
2012-05-09,312
2012-05-10,342
2012-05-11,296
2012-05-12,264
2012-05-13,258
2012-05-14,279
2012-05-15,260
2012-05-16,266
2012-05-17,282
2012-05-18,262
2012-05-19,258
2012-05-20,272
2012-05-21,312
2012-05-22,307
2012-05-23,286
2012-05-24,346
2012-05-25,291
2012-05-26,276
2012-05-27,268
2012-05-28,291
2012-05-29,282
2012-05-30,287
2012-05-31,265
2012-06-01,267
2012-06-02,246
2012-06-03,266
2012-06-04,263
2012-06-05,279
2012-06-06,285
2012-06-07,289
2012-06-08,277
2012-06-09,260
2012-06-10,244
2012-06-11,285
2012-06-12,253
2012-06-13,249
2012-06-14,268
2012-06-15,288
2012-06-16,266
2012-06-17,236
2012-06-18,298
2012-06-19,277
2012-06-20,282
2012-06-21,280
2012-06-22,264
2012-06-23,255
2012-06-24,246
2012-06-25,274
2012-06-26,296
2012-06-27,278
2012-06-28,320
2012-06-29,307
2012-06-30,291
2012-07-01,250
2012-07-02,239
2012-07-03,278
2012-07-04,268
2012-07-05,268
2012-07-06,320
2012-07-07,240
2012-07-08,251
2012-07-09,273
2012-07-10,303
2012-07-11,256
2012-07-12,268
2012-07-13,231
2012-07-14,268
2012-07-15,217
2012-07-16,235
2012-07-17,243
2012-07-18,245
2012-07-19,265
2012-07-20,256
2012-07-21,263
2012-07-22,267
2012-07-23,261
2012-07-24,285
2012-07-25,273
2012-07-26,307
2012-07-27,334
2012-07-28,313
2012-07-29,268
2012-07-30,238
2012-07-31,246
2012-08-01,268
2012-08-02,246
2012-08-03,268
2012-08-04,266
2012-08-05,239
2012-08-06,275
2012-08-07,263
2012-08-08,246
2012-08-09,275
2012-08-10,248
2012-08-11,267
2012-08-12,260
2012-08-13,246
2012-08-14,268
2012-08-15,263
2012-08-16,268
2012-08-17,255
2012-08-18,256
2012-08-19,282
2012-08-20,334
2012-08-21,309
2012-08-22,258
2012-08-23,271
2012-08-24,274
2012-08-25,265
2012-08-26,243
2012-08-27,250
2012-08-28,269
2012-08-29,256
2012-08-30,206
2012-08-31,264
2012-09-01,242
2012-09-02,244
2012-09-03,236
2012-09-04,288
2012-09-05,257
2012-09-06,245
2012-09-07,262
2012-09-08,259
2012-09-09,243
2012-09-10,262
2012-09-11,295
2012-09-12,263
2012-09-13,254
2012-09-14,270
2012-09-15,258
2012-09-16,243
2012-09-17,280
2012-09-18,258
2012-09-19,258
2012-09-20,239
2012-09-21,261
2012-09-22,265
2012-09-23,227
2012-09-24,280
2012-09-25,313
2012-09-26,261
2012-09-27,291
2012-09-28,308
2012-09-29,299
2012-09-30,244
2012-10-01,286
2012-10-02,308
2012-10-03,273
2012-10-04,283
2012-10-05,299
2012-10-06,289
2012-10-07,277
2012-10-08,281
2012-10-09,281
2012-10-10,311
2012-10-11,266
2012-10-12,293
2012-10-13,282
2012-10-14,251
2012-10-15,279
2012-10-16,278
2012-10-17,276
2012-10-18,300
2012-10-19,332
2012-10-20,297
2012-10-21,288
2012-10-22,293
2012-10-23,293
2012-10-24,291
2012-10-25,288
2012-10-26,301
2012-10-27,277
2012-10-28,275
2012-10-29,288
2012-10-30,315
2012-10-31,294
2012-11-01,300
2012-11-02,278
2012-11-03,259
2012-11-04,273
2012-11-05,276
2012-11-06,325
2012-11-07,300
2012-11-08,309
2012-11-09,310
2012-11-10,310
2012-11-11,265
2012-11-12,320
2012-11-13,274
2012-11-14,302
2012-11-15,307
2012-11-16,298
2012-11-17,279
2012-11-18,250
2012-11-19,291
2012-11-20,317
2012-11-21,276
2012-11-22,296
2012-11-23,292
2012-11-24,339
2012-11-25,268
2012-11-26,269
2012-11-27,294
2012-11-28,317
2012-11-29,335
2012-11-30,302
2012-12-01,275
2012-12-02,269
2012-12-03,299
2012-12-04,299
2012-12-05,297
2012-12-06,295
2012-12-07,323
2012-12-08,321
2012-12-09,318
2012-12-10,317
2012-12-11,279
2012-12-12,315
2012-12-13,301
2012-12-14,330
2012-12-15,343
2012-12-16,299
2012-12-17,349
2012-12-18,335
2012-12-19,306
2012-12-20,300
2012-12-21,349
2012-12-22,335
2012-12-23,318
2012-12-24,308
2012-12-25,322
2012-12-26,338
2012-12-27,308
2012-12-28,291
2012-12-29,329
2012-12-30,307
2012-12-31,325
2013-01-01,323
2013-01-02,338
2013-01-03,325
2013-01-04,309
2013-01-05,313
2013-01-06,303
2013-01-07,317
2013-01-08,330
2013-01-09,331
2013-01-10,325
2013-01-11,347
2013-01-12,320
2013-01-13,297
2013-01-14,320
2013-01-15,324
2013-01-16,302
2013-01-17,310
2013-01-18,316
2013-01-19,337
2013-01-20,329
2013-01-21,379
2013-01-22,329
2013-01-23,372
2013-01-24,339
2013-01-25,357
2013-01-26,333
2013-01-27,335
2013-01-28,341
2013-01-29,385
2013-01-30,384
2013-01-31,384
2013-02-01,385
2013-02-02,363
2013-02-03,334
2013-02-04,334
2013-02-05,374
2013-02-06,356
2013-02-07,363
2013-02-08,351
2013-02-09,331
2013-02-10,339
2013-02-11,369
2013-02-12,325
2013-02-13,363
2013-02-14,331
2013-02-15,354
2013-02-16,350
2013-02-17,352
2013-02-18,357
2013-02-19,329
2013-02-20,348
2013-02-21,332
2013-02-22,363
2013-02-23,353
2013-02-24,353
2013-02-25,411
2013-02-26,366
2013-02-27,348
2013-02-28,369
2013-03-01,368
2013-03-02,339
2013-03-03,348
2013-03-04,360
2013-03-05,381
2013-03-06,415
2013-03-07,404
2013-03-08,363
2013-03-09,342
2013-03-10,307
2013-03-11,313
2013-03-12,321
2013-03-13,341
2013-03-14,341
2013-03-15,350
2013-03-16,337
2013-03-17,340
2013-03-18,345
2013-03-19,357
2013-03-20,333
2013-03-21,363
2013-03-22,324
2013-03-23,337
2013-03-24,305
2013-03-25,358
2013-03-26,355
2013-03-27,351
2013-03-28,319
2013-03-29,338
2013-03-30,329
2013-03-31,315
2013-04-01,340
2013-04-02,357
2013-04-03,332
2013-04-04,323
2013-04-05,390
2013-04-06,323
2013-04-07,353
2013-04-08,377
2013-04-09,323
2013-04-10,375
2013-04-11,356
2013-04-12,347
2013-04-13,311
2013-04-14,326
2013-04-15,338
2013-04-16,357
2013-04-17,336
2013-04-18,336
2013-04-19,336
2013-04-20,289
2013-04-21,262
2013-04-22,307
2013-04-23,288
2013-04-24,315
2013-04-25,338
2013-04-26,295
2013-04-27,307
2013-04-28,289
2013-04-29,286
2013-04-30,251
2013-05-01,255
2013-05-02,282
2013-05-03,288
2013-05-04,311
2013-05-05,267
2013-05-06,295
2013-05-07,305
2013-05-08,295
2013-05-09,287
2013-05-10,253
2013-05-11,277
2013-05-12,248
2013-05-13,286
2013-05-14,283
2013-05-15,283
2013-05-16,285
2013-05-17,292
2013-05-18,302
2013-05-19,257
2013-05-20,272
2013-05-21,282
2013-05-22,292
2013-05-23,324
2013-05-24,260
2013-05-25,291
2013-05-26,263
2013-05-27,256
2013-05-28,291
2013-05-29,314
2013-05-30,285
2013-05-31,316
2013-06-01,279
2013-06-02,276
2013-06-03,317
2013-06-04,332
2013-06-05,309
2013-06-06,313
2013-06-07,340
2013-06-08,311
2013-06-09,257
2013-06-10,274
2013-06-11,317
2013-06-12,292
2013-06-13,295
2013-06-14,310
2013-06-15,245
2013-06-16,266
2013-06-17,290
2013-06-18,296
2013-06-19,320
2013-06-20,304
2013-06-21,302
2013-06-22,273
2013-06-23,247
2013-06-24,265
2013-06-25,285
2013-06-26,255
2013-06-27,252
2013-06-28,290
2013-06-29,249
2013-06-30,254
2013-07-01,251
2013-07-02,279
2013-07-03,292
2013-07-04,255
2013-07-05,256
2013-07-06,247
2013-07-07,248
2013-07-08,275
2013-07-09,299
2013-07-10,267
2013-07-11,277
2013-07-12,250
2013-07-13,257
2013-07-14,257
2013-07-15,266
2013-07-16,305
2013-07-17,239
2013-07-18,273
2013-07-19,312
2013-07-20,238
2013-07-21,250
2013-07-22,290
2013-07-23,319
2013-07-24,293
2013-07-25,307
2013-07-26,286
2013-07-27,312
2013-07-28,254
2013-07-29,263
2013-07-30,256
2013-07-31,287
2013-08-01,279
2013-08-02,282
2013-08-03,258
2013-08-04,242
2013-08-05,275
2013-08-06,249
2013-08-07,282
2013-08-08,245
2013-08-09,250
2013-08-10,243
2013-08-11,252
2013-08-12,260
2013-08-13,272
2013-08-14,216
2013-08-15,245
2013-08-16,267
2013-08-17,252
2013-08-18,249
2013-08-19,257
2013-08-20,274
2013-08-21,273
2013-08-22,271
2013-08-23,296
2013-08-24,240
2013-08-25,255
2013-08-26,239
2013-08-27,234
2013-08-28,268
2013-08-29,289
2013-08-30,284
2013-08-31,258
2013-09-01,234
2013-09-02,235
2013-09-03,282
2013-09-04,227
2013-09-05,311
2013-09-06,281
2013-09-07,259
2013-09-08,262
2013-09-09,274
2013-09-10,241
2013-09-11,253
2013-09-12,279
2013-09-13,265
2013-09-14,256
2013-09-15,225
2013-09-16,241
2013-09-17,262
2013-09-18,230
2013-09-19,250
2013-09-20,283
2013-09-21,256
2013-09-22,252
2013-09-23,286
2013-09-24,327
2013-09-25,284
2013-09-26,331
2013-09-27,288
2013-09-28,266
2013-09-29,283
2013-09-30,303
2013-10-01,286
2013-10-02,263
2013-10-03,283
2013-10-04,344
2013-10-05,265
2013-10-06,266
2013-10-07,258
2013-10-08,283
2013-10-09,279
2013-10-10,278
2013-10-11,256
2013-10-12,262
2013-10-13,259
2013-10-14,278
2013-10-15,287
2013-10-16,314
2013-10-17,300
2013-10-18,285
2013-10-19,304
2013-10-20,286
2013-10-21,312
2013-10-22,296
2013-10-23,279
2013-10-24,292
2013-10-25,279
2013-10-26,286
2013-10-27,231
2013-10-28,271
2013-10-29,260
2013-10-30,265
2013-10-31,269
2013-11-01,291
2013-11-02,282
2013-11-03,239
2013-11-04,271
2013-11-05,295
2013-11-06,282
2013-11-07,294
2013-11-08,281
2013-11-09,279
2013-11-10,246
2013-11-11,255
2013-11-12,277
2013-11-13,286
2013-11-14,271
2013-11-15,267
2013-11-16,264
2013-11-17,252
2013-11-18,327
2013-11-19,323
2013-11-20,278
2013-11-21,304
2013-11-22,285
2013-11-23,322
2013-11-24,271
2013-11-25,283
2013-11-26,281
2013-11-27,307
2013-11-28,303
2013-11-29,289
2013-11-30,300
2013-12-01,277
2013-12-02,308
2013-12-03,309
2013-12-04,298
2013-12-05,277
2013-12-06,294
2013-12-07,262
2013-12-08,265
2013-12-09,334
2013-12-10,280
2013-12-11,318
2013-12-12,318
2013-12-13,291
2013-12-14,300
2013-12-15,304
2013-12-16,296
2013-12-17,318
2013-12-18,315
2013-12-19,307
2013-12-20,334
2013-12-21,313
2013-12-22,306
2013-12-23,313
2013-12-24,325
2013-12-25,313
2013-12-26,314
2013-12-27,300
2013-12-28,322
2013-12-29,303
2013-12-30,288
2013-12-31,339
2014-01-01,333
2014-01-02,317
2014-01-03,344
2014-01-04,297
2014-01-05,296
2014-01-06,337
2014-01-07,334
2014-01-08,339
2014-01-09,298
2014-01-10,315
2014-01-11,299
2014-01-12,278
2014-01-13,326
2014-01-14,332
2014-01-15,293
2014-01-16,285
2014-01-17,310
2014-01-18,300
2014-01-19,290
2014-01-20,295
2014-01-21,313
2014-01-22,303
2014-01-23,309
2014-01-24,318
2014-01-25,296
2014-01-26,256
2014-01-27,301
2014-01-28,295
2014-01-29,328
2014-01-30,306
2014-01-31,333
2014-02-01,343
2014-02-02,284
2014-02-03,311
2014-02-04,322
2014-02-05,306
2014-02-06,337
2014-02-07,334
2014-02-08,305
2014-02-09,310
2014-02-10,286
2014-02-11,299
2014-02-12,327
2014-02-13,346
2014-02-14,299
2014-02-15,329
2014-02-16,281
2014-02-17,309
2014-02-18,318
2014-02-19,348
2014-02-20,312
2014-02-21,306
2014-02-22,304
2014-02-23,299
2014-02-24,309
2014-02-25,328
2014-02-26,312
2014-02-27,315
2014-02-28,325
2014-03-01,273
2014-03-02,269
2014-03-03,266
2014-03-04,290
2014-03-05,305
2014-03-06,300
2014-03-07,322
2014-03-08,308
2014-03-09,279
2014-03-10,320
2014-03-11,314
2014-03-12,307
2014-03-13,331
2014-03-14,311
2014-03-15,323
2014-03-16,292
2014-03-17,325
2014-03-18,297
2014-03-19,302
2014-03-20,303
2014-03-21,345
2014-03-22,296
2014-03-23,284
2014-03-24,293
2014-03-25,325
2014-03-26,326
2014-03-27,271
2014-03-28,271
2014-03-29,283
2014-03-30,279
2014-03-31,337
2014-04-01,301
2014-04-02,326
2014-04-03,307
2014-04-04,320
2014-04-05,301
2014-04-06,283
2014-04-07,313
2014-04-08,278
2014-04-09,248
2014-04-10,310
2014-04-11,310
2014-04-12,280
2014-04-13,289
2014-04-14,274
2014-04-15,280
2014-04-16,248
2014-04-17,275
2014-04-18,306
2014-04-19,272
2014-04-20,265
2014-04-21,285
2014-04-22,275
2014-04-23,303
2014-04-24,339
2014-04-25,286
2014-04-26,285
2014-04-27,244
2014-04-28,266
2014-04-29,277
2014-04-30,279
2014-05-01,246
2014-05-02,290
2014-05-03,284
2014-05-04,250
2014-05-05,271
2014-05-06,283
2014-05-07,302
2014-05-08,300
2014-05-09,264
2014-05-10,266
2014-05-11,250
2014-05-12,290
2014-05-13,269
2014-05-14,269
2014-05-15,296
2014-05-16,306
2014-05-17,290
2014-05-18,280
2014-05-19,275
2014-05-20,320
2014-05-21,285
2014-05-22,268
2014-05-23,284
2014-05-24,259
2014-05-25,257
2014-05-26,267
2014-05-27,283
2014-05-28,296
2014-05-29,281
2014-05-30,276
2014-05-31,276
2014-06-01,278
2014-06-02,260
2014-06-03,293
2014-06-04,299
2014-06-05,277
2014-06-06,277
2014-06-07,262
2014-06-08,280
2014-06-09,298
2014-06-10,313
2014-06-11,277
2014-06-12,255
2014-06-13,256
2014-06-14,267
2014-06-15,232
2014-06-16,251
2014-06-17,269
2014-06-18,277
2014-06-19,246
2014-06-20,290
2014-06-21,278
2014-06-22,242
2014-06-23,251
2014-06-24,314
2014-06-25,272
2014-06-26,255
2014-06-27,263
2014-06-28,271
2014-06-29,239
2014-06-30,223
2014-07-01,273
2014-07-02,262
2014-07-03,268
2014-07-04,315
2014-07-05,260
2014-07-06,266
2014-07-07,256
2014-07-08,282
2014-07-09,259
2014-07-10,298
2014-07-11,277
2014-07-12,251
2014-07-13,230
2014-07-14,236
2014-07-15,315
2014-07-16,239
2014-07-17,320
2014-07-18,290
2014-07-19,319
2014-07-20,320
2014-07-21,274
2014-07-22,295
2014-07-23,284
2014-07-24,293
2014-07-25,262
2014-07-26,293
2014-07-27,298
2014-07-28,301
2014-07-29,283
2014-07-30,263
2014-07-31,268
2014-08-01,273
2014-08-02,261
2014-08-03,256
2014-08-04,239
2014-08-05,255
2014-08-06,280
2014-08-07,289
2014-08-08,235
2014-08-09,273
2014-08-10,244
2014-08-11,241
2014-08-12,248
2014-08-13,266
2014-08-14,259
2014-08-15,263
2014-08-16,211
2014-08-17,219
2014-08-18,248
2014-08-19,300
2014-08-20,251
2014-08-21,240
2014-08-22,248
2014-08-23,269
2014-08-24,227
2014-08-25,264
2014-08-26,277
2014-08-27,273
2014-08-28,287
2014-08-29,268
2014-08-30,245
2014-08-31,267
2014-09-01,276
2014-09-02,279
2014-09-03,262
2014-09-04,278
2014-09-05,286
2014-09-06,276
2014-09-07,236
2014-09-08,254
2014-09-09,263
2014-09-10,282
2014-09-11,255
2014-09-12,253
2014-09-13,265
2014-09-14,265
2014-09-15,224
2014-09-16,293
2014-09-17,265
2014-09-18,309
2014-09-19,306
2014-09-20,260
2014-09-21,255
2014-09-22,235
2014-09-23,254
2014-09-24,242
2014-09-25,246
2014-09-26,288
2014-09-27,262
2014-09-28,265
2014-09-29,256
2014-09-30,264
2014-10-01,282
2014-10-02,271
2014-10-03,275
2014-10-04,284
2014-10-05,229
2014-10-06,250
2014-10-07,309
2014-10-08,273
2014-10-09,297
2014-10-10,261
2014-10-11,264
2014-10-12,228
2014-10-13,294
2014-10-14,257
2014-10-15,269
2014-10-16,268
2014-10-17,267
2014-10-18,314
2014-10-19,261
2014-10-20,275
2014-10-21,283
2014-10-22,290
2014-10-23,291
2014-10-24,264
2014-10-25,282
2014-10-26,282
2014-10-27,243
2014-10-28,307
2014-10-29,286
2014-10-30,275
2014-10-31,300
2014-11-01,285
2014-11-02,246
2014-11-03,275
2014-11-04,292
2014-11-05,281
2014-11-06,267
2014-11-07,276
2014-11-08,275
2014-11-09,256
2014-11-10,295
2014-11-11,296
2014-11-12,304
2014-11-13,276
2014-11-14,279
2014-11-15,274
2014-11-16,252
2014-11-17,267
2014-11-18,277
2014-11-19,290
2014-11-20,315
2014-11-21,305
2014-11-22,293
2014-11-23,277
2014-11-24,316
2014-11-25,302
2014-11-26,280
2014-11-27,315
2014-11-28,307
2014-11-29,299
2014-11-30,286
2014-12-01,266
2014-12-02,295
2014-12-03,323
2014-12-04,302
2014-12-05,312
2014-12-06,299
2014-12-07,291
2014-12-08,300
2014-12-09,313
2014-12-10,358
2014-12-11,332
2014-12-12,354
2014-12-13,332
2014-12-14,296
2014-12-15,303
2014-12-16,340
2014-12-17,329
2014-12-18,368
2014-12-19,374
2014-12-20,310
2014-12-21,302
2014-12-22,321
2014-12-23,337
2014-12-24,316
2014-12-25,316
2014-12-26,349
2014-12-27,315
2014-12-28,325
2014-12-29,341
2014-12-30,341
2014-12-31,344
2015-01-01,356
2015-01-02,383
2015-01-03,366
2015-01-04,330
2015-01-05,331
2015-01-06,325
2015-01-07,392
2015-01-08,390
2015-01-09,376
2015-01-10,378
2015-01-11,333
2015-01-12,361
2015-01-13,384
2015-01-14,366
2015-01-15,369
2015-01-16,377
2015-01-17,346
2015-01-18,323
2015-01-19,306
2015-01-20,399
2015-01-21,360
2015-01-22,383
2015-01-23,361
2015-01-24,364
2015-01-25,337
2015-01-26,373
2015-01-27,367
2015-01-28,404
2015-01-29,387
2015-01-30,392
2015-01-31,350
2015-02-01,371
2015-02-02,393
2015-02-03,412
2015-02-04,406
2015-02-05,383
2015-02-06,397
2015-02-07,358
2015-02-08,378
2015-02-09,437
2015-02-10,398
2015-02-11,437
2015-02-12,402
2015-02-13,442
2015-02-14,414
2015-02-15,362
2015-02-16,410
2015-02-17,372
2015-02-18,384
2015-02-19,392
2015-02-20,417
2015-02-21,391
2015-02-22,408
2015-02-23,408
2015-02-24,372
2015-02-25,393
2015-02-26,370
2015-02-27,381
2015-02-28,364
2015-03-01,355
2015-03-02,357
2015-03-03,330
2015-03-04,330
2015-03-05,368
2015-03-06,375
2015-03-07,351
2015-03-08,346
2015-03-09,337
2015-03-10,377
2015-03-11,319
2015-03-12,337
2015-03-13,336
2015-03-14,348
2015-03-15,326
2015-03-16,355
2015-03-17,402
2015-03-18,330
2015-03-19,352
2015-03-20,311
2015-03-21,325
2015-03-22,305
2015-03-23,341
2015-03-24,333
2015-03-25,319
2015-03-26,316
2015-03-27,332
2015-03-28,322
2015-03-29,307
2015-03-30,311
2015-03-31,322
2015-04-01,288
2015-04-02,294
2015-04-03,352
2015-04-04,317
2015-04-05,279
2015-04-06,289
2015-04-07,356
2015-04-08,324
2015-04-09,318
2015-04-10,325
2015-04-11,322
2015-04-12,284
2015-04-13,315
2015-04-14,340
2015-04-15,290
2015-04-16,296
2015-04-17,326
2015-04-18,310
2015-04-19,275
2015-04-20,290
2015-04-21,295
2015-04-22,305
2015-04-23,306
2015-04-24,320
2015-04-25,295
2015-04-26,276
2015-04-27,280
2015-04-28,280
2015-04-29,292
2015-04-30,304
2015-05-01,298
2015-05-02,245
2015-05-03,306
2015-05-04,296
2015-05-05,310
2015-05-06,262
2015-05-07,303
2015-05-08,312
2015-05-09,306
2015-05-10,274
2015-05-11,298
2015-05-12,297
2015-05-13,311
2015-05-14,280
2015-05-15,281
2015-05-16,256
2015-05-17,253
2015-05-18,292
2015-05-19,298
2015-05-20,273
2015-05-21,278
2015-05-22,272
2015-05-23,274
2015-05-24,263
2015-05-25,255
2015-05-26,264
2015-05-27,294
2015-05-28,273
2015-05-29,268
2015-05-30,265
2015-05-31,286
2015-06-01,296
2015-06-02,293
2015-06-03,280
2015-06-04,285
2015-06-05,301
2015-06-06,263
2015-06-07,224
2015-06-08,254
2015-06-09,267
2015-06-10,287
2015-06-11,277
2015-06-12,356
2015-06-13,294
2015-06-14,268
2015-06-15,249
2015-06-16,283
2015-06-17,279
2015-06-18,295
2015-06-19,279
2015-06-20,267
2015-06-21,248
2015-06-22,273
2015-06-23,243
2015-06-24,269
2015-06-25,298
2015-06-26,296
2015-06-27,266
2015-06-28,243
2015-06-29,293
2015-06-30,280
2015-07-01,338
2015-07-02,335
2015-07-03,369
2015-07-04,328
2015-07-05,358
2015-07-06,306
2015-07-07,276
2015-07-08,271
2015-07-09,263
2015-07-10,290
2015-07-11,265
2015-07-12,237
2015-07-13,264
2015-07-14,252
2015-07-15,261
2015-07-16,268
2015-07-17,284
2015-07-18,226
2015-07-19,242
2015-07-20,261
2015-07-21,265
2015-07-22,240
2015-07-23,236
2015-07-24,283
2015-07-25,237
2015-07-26,218
2015-07-27,244
2015-07-28,258
2015-07-29,257
2015-07-30,228
2015-07-31,295
2015-08-01,255
2015-08-02,240
2015-08-03,291
2015-08-04,283
2015-08-05,301
2015-08-06,297
2015-08-07,301
2015-08-08,284
2015-08-09,240
2015-08-10,271
2015-08-11,259
2015-08-12,296
2015-08-13,251
2015-08-14,299
2015-08-15,243
2015-08-16,233
2015-08-17,263
2015-08-18,244
2015-08-19,262
2015-08-20,240
2015-08-21,263
2015-08-22,237
2015-08-23,246
2015-08-24,305
2015-08-25,270
2015-08-26,278
2015-08-27,272
2015-08-28,266
2015-08-29,270
2015-08-30,258
2015-08-31,267
2015-09-01,244
2015-09-02,224
2015-09-03,238
2015-09-04,266
2015-09-05,272
2015-09-06,264
2015-09-07,265
2015-09-08,279
2015-09-09,255
2015-09-10,295
2015-09-11,275
2015-09-12,291
2015-09-13,257
2015-09-14,275
2015-09-15,237
2015-09-16,258
2015-09-17,279
2015-09-18,272
2015-09-19,266
2015-09-20,257
2015-09-21,256
2015-09-22,293
2015-09-23,291
2015-09-24,266
2015-09-25,304
2015-09-26,259
2015-09-27,263
2015-09-28,254
2015-09-29,305
2015-09-30,289
2015-10-01,305
2015-10-02,273
2015-10-03,261
2015-10-04,286
2015-10-05,270
2015-10-06,313
2015-10-07,293
2015-10-08,296
2015-10-09,306
2015-10-10,287
2015-10-11,254
2015-10-12,273
2015-10-13,287
2015-10-14,297
2015-10-15,285
2015-10-16,301
2015-10-17,314
2015-10-18,302
2015-10-19,292
2015-10-20,295
2015-10-21,279
2015-10-22,301
2015-10-23,276
2015-10-24,294
2015-10-25,301
2015-10-26,299
2015-10-27,334
2015-10-28,314
2015-10-29,316
2015-10-30,281
2015-10-31,289
2015-11-01,262
2015-11-02,267
2015-11-03,299
2015-11-04,305
2015-11-05,294
2015-11-06,276
2015-11-07,255
2015-11-08,255
2015-11-09,269
2015-11-10,293
2015-11-11,258
2015-11-12,285
2015-11-13,295
2015-11-14,260
2015-11-15,274
2015-11-16,311
2015-11-17,289
2015-11-18,306
2015-11-19,297
2015-11-20,281
2015-11-21,274
2015-11-22,262
2015-11-23,286
2015-11-24,327
2015-11-25,266
2015-11-26,284
2015-11-27,299
2015-11-28,283
2015-11-29,276
2015-11-30,255
2015-12-01,303
2015-12-02,299
2015-12-03,278
2015-12-04,317
2015-12-05,282
2015-12-06,258
2015-12-07,310
2015-12-08,311
2015-12-09,309
2015-12-10,293
2015-12-11,321
2015-12-12,292
2015-12-13,277
2015-12-14,284
2015-12-15,315
2015-12-16,317
2015-12-17,303
2015-12-18,294
2015-12-19,296
2015-12-20,276
2015-12-21,271
2015-12-22,294
2015-12-23,319
2015-12-24,303
2015-12-25,271
2015-12-26,278
2015-12-27,295
2015-12-28,293
2015-12-29,316
2015-12-30,314
2015-12-31,325
2016-01-01,287
2016-01-02,300
2016-01-03,288
2016-01-04,338
2016-01-05,318
2016-01-06,300
2016-01-07,317
2016-01-08,353
2016-01-09,315
2016-01-10,303
2016-01-11,320
2016-01-12,333
2016-01-13,306
2016-01-14,309
2016-01-15,366
2016-01-16,324
2016-01-17,276
2016-01-18,307
2016-01-19,356
2016-01-20,295
2016-01-21,346
2016-01-22,331
2016-01-23,342
2016-01-24,318
2016-01-25,343
2016-01-26,334
2016-01-27,290
2016-01-28,347
2016-01-29,319
2016-01-30,305
2016-01-31,325
2016-02-01,293
2016-02-02,301
2016-02-03,328
2016-02-04,311
2016-02-05,321
2016-02-06,310
2016-02-07,316
2016-02-08,301
2016-02-09,335
2016-02-10,318
2016-02-11,291
2016-02-12,299
2016-02-13,295
2016-02-14,288
2016-02-15,304
2016-02-16,279
2016-02-17,318
2016-02-18,338
2016-02-19,298
2016-02-20,315
2016-02-21,269
2016-02-22,317
2016-02-23,323
2016-02-24,311
2016-02-25,332
2016-02-26,330
2016-02-27,331
2016-02-28,286
2016-02-29,337
2016-03-01,341
2016-03-02,362
2016-03-03,328
2016-03-04,310
2016-03-05,322
2016-03-06,336
2016-03-07,353
2016-03-08,314
2016-03-09,343
2016-03-10,337
2016-03-11,346
2016-03-12,302
2016-03-13,269
2016-03-14,324
2016-03-15,310
2016-03-16,345
2016-03-17,336
2016-03-18,306
2016-03-19,303
2016-03-20,324
2016-03-21,307
2016-03-22,380
2016-03-23,380
2016-03-24,337
2016-03-25,353
2016-03-26,338
2016-03-27,269
2016-03-28,303
2016-03-29,341
2016-03-30,325
2016-03-31,326
2016-04-01,360
2016-04-02,320
2016-04-03,298
2016-04-04,312
2016-04-05,278
2016-04-06,288
2016-04-07,313
2016-04-08,307
2016-04-09,299
2016-04-10,283
2016-04-11,294
2016-04-12,326
2016-04-13,319
2016-04-14,314
2016-04-15,305
2016-04-16,313
2016-04-17,289
2016-04-18,281
2016-04-19,309
2016-04-20,317
2016-04-21,282
2016-04-22,307
2016-04-23,291
2016-04-24,262
2016-04-25,257
2016-04-26,299
2016-04-27,276
2016-04-28,282
2016-04-29,320
2016-04-30,278
2016-05-01,284
2016-05-02,287
2016-05-03,300
2016-05-04,322
2016-05-05,278
2016-05-06,317
2016-05-07,289
2016-05-08,294
2016-05-09,306
2016-05-10,345
2016-05-11,308
2016-05-12,282
2016-05-13,293
2016-05-14,278
2016-05-15,253
2016-05-16,252
2016-05-17,267
2016-05-18,295
2016-05-19,269
2016-05-20,277
2016-05-21,288
2016-05-22,278
2016-05-23,280
2016-05-24,258
2016-05-25,269
2016-05-26,292
2016-05-27,303
2016-05-28,295
2016-05-29,249
2016-05-30,262
2016-05-31,282
2016-06-01,277
2016-06-02,275
2016-06-03,295
2016-06-04,246
2016-06-05,248
2016-06-06,279
2016-06-07,274
2016-06-08,257
2016-06-09,251
2016-06-10,257
2016-06-11,262
2016-06-12,276
2016-06-13,261
2016-06-14,243
2016-06-15,270
2016-06-16,257
2016-06-17,279
2016-06-18,284
2016-06-19,257
2016-06-20,269
2016-06-21,306
2016-06-22,261
2016-06-23,304
2016-06-24,279
2016-06-25,251
2016-06-26,250
2016-06-27,242
2016-06-28,258
2016-06-29,265
2016-06-30,274
2016-07-01,281
2016-07-02,283
2016-07-03,243
2016-07-04,249
2016-07-05,266
2016-07-06,263
2016-07-07,256
2016-07-08,312
2016-07-09,275
2016-07-10,278
2016-07-11,279
2016-07-12,285
2016-07-13,261
2016-07-14,288
2016-07-15,274
2016-07-16,272
2016-07-17,274
2016-07-18,283
2016-07-19,287
2016-07-20,302
2016-07-21,291
2016-07-22,315
2016-07-23,312
2016-07-24,240
2016-07-25,273
2016-07-26,276
2016-07-27,277
2016-07-28,320
2016-07-29,268
2016-07-30,267
2016-07-31,236
2016-08-01,235
2016-08-02,281
2016-08-03,274
2016-08-04,256
2016-08-05,256
2016-08-06,261
2016-08-07,238
2016-08-08,255
2016-08-09,237
2016-08-10,256
2016-08-11,246
2016-08-12,256
2016-08-13,272
2016-08-14,266
2016-08-15,277
2016-08-16,277
2016-08-17,298
2016-08-18,284
2016-08-19,295
2016-08-20,285
2016-08-21,260
2016-08-22,299
2016-08-23,270
2016-08-24,271
2016-08-25,336
2016-08-26,319
2016-08-27,312
2016-08-28,313
2016-08-29,248
2016-08-30,266
2016-08-31,286
2016-09-01,259
2016-09-02,283
2016-09-03,274
2016-09-04,250
2016-09-05,247
2016-09-06,285
2016-09-07,284
2016-09-08,274
2016-09-09,252
2016-09-10,241
2016-09-11,252
2016-09-12,280
2016-09-13,296
2016-09-14,299
2016-09-15,278
2016-09-16,288
2016-09-17,250
2016-09-18,247
2016-09-19,250
2016-09-20,261
2016-09-21,259
2016-09-22,234
2016-09-23,269
2016-09-24,244
2016-09-25,252
2016-09-26,259
2016-09-27,268
2016-09-28,264
2016-09-29,282
2016-09-30,302
2016-10-01,285
2016-10-02,246
2016-10-03,256
2016-10-04,263
2016-10-05,266
2016-10-06,299
2016-10-07,264
2016-10-08,299
2016-10-09,257
2016-10-10,263
2016-10-11,299
2016-10-12,281
2016-10-13,288
2016-10-14,337
2016-10-15,310
2016-10-16,287
2016-10-17,285
2016-10-18,300
2016-10-19,304
2016-10-20,296
2016-10-21,292
2016-10-22,275
2016-10-23,289
2016-10-24,296
2016-10-25,290
2016-10-26,288
2016-10-27,277
2016-10-28,294
2016-10-29,300
2016-10-30,280
2016-10-31,302
2016-11-01,312
2016-11-02,289
2016-11-03,269
2016-11-04,326
2016-11-05,289
2016-11-06,301
2016-11-07,288
2016-11-08,323
2016-11-09,316
2016-11-10,302
2016-11-11,316
2016-11-12,280
2016-11-13,268
2016-11-14,270
2016-11-15,347
2016-11-16,337
2016-11-17,332
2016-11-18,313
2016-11-19,299
2016-11-20,279
2016-11-21,310
2016-11-22,314
2016-11-23,302
2016-11-24,300
2016-11-25,310
2016-11-26,302
2016-11-27,305
2016-11-28,268
2016-11-29,311
2016-11-30,309
2016-12-01,328
2016-12-02,352
2016-12-03,304
2016-12-04,319
2016-12-05,290
2016-12-06,323
2016-12-07,337
2016-12-08,329
2016-12-09,327
2016-12-10,307
2016-12-11,308
2016-12-12,330
2016-12-13,308
2016-12-14,337
2016-12-15,305
2016-12-16,289
2016-12-17,323
2016-12-18,329
2016-12-19,329
2016-12-20,301
2016-12-21,366
2016-12-22,320
2016-12-23,352
2016-12-24,315
2016-12-25,338
2016-12-26,316
2016-12-27,340
2016-12-28,326
2016-12-29,375
2016-12-30,369
2016-12-31,341
2017-01-01,351
2017-01-02,361
2017-01-03,338
2017-01-04,360
2017-01-05,378
2017-01-06,344
2017-01-07,417
2017-01-08,359
2017-01-09,367
2017-01-10,420
2017-01-11,396
2017-01-12,399
2017-01-13,419
2017-01-14,382
2017-01-15,352
2017-01-16,370
2017-01-17,388
2017-01-18,376
2017-01-19,356
2017-01-20,379
2017-01-21,388
2017-01-22,388
2017-01-23,368
2017-01-24,376
2017-01-25,378
2017-01-26,383
2017-01-27,393
2017-01-28,377
2017-01-29,416
2017-01-30,416
2017-01-31,433
2017-02-01,431
2017-02-02,458
2017-02-03,444
2017-02-04,410
2017-02-05,358
2017-02-06,383
2017-02-07,407
2017-02-08,382
2017-02-09,383
2017-02-10,374
2017-02-11,407
2017-02-12,355
2017-02-13,406
2017-02-14,377
2017-02-15,381
2017-02-16,399
2017-02-17,379
2017-02-18,362
2017-02-19,327
2017-02-20,320
2017-02-21,334
2017-02-22,360
2017-02-23,376
2017-02-24,335
2017-02-25,349
2017-02-26,315
2017-02-27,334
2017-02-28,370
2017-03-01,330
2017-03-02,332
2017-03-03,317
2017-03-04,345
2017-03-05,287
2017-03-06,314
2017-03-07,306
2017-03-08,315
2017-03-09,302
2017-03-10,310
2017-03-11,293
2017-03-12,298
2017-03-13,295
2017-03-14,299
2017-03-15,288
2017-03-16,307
2017-03-17,297
2017-03-18,290
2017-03-19,260
2017-03-20,317
2017-03-21,303
2017-03-22,291
2017-03-23,346
2017-03-24,287
2017-03-25,300
2017-03-26,262
2017-03-27,256
2017-03-28,330
2017-03-29,290
2017-03-30,334
2017-03-31,318
2017-04-01,278
2017-04-02,262
2017-04-03,274
2017-04-04,275
2017-04-05,279
2017-04-06,274
2017-04-07,298
2017-04-08,312
2017-04-09,257
2017-04-10,272
2017-04-11,278
2017-04-12,273
2017-04-13,277
2017-04-14,278
2017-04-15,296
2017-04-16,280
2017-04-17,286
2017-04-18,280
2017-04-19,274
2017-04-20,270
2017-04-21,285
2017-04-22,267
2017-04-23,255
2017-04-24,298
2017-04-25,295
2017-04-26,285
2017-04-27,308
2017-04-28,302
2017-04-29,292
2017-04-30,299
2017-05-01,288
2017-05-02,275
2017-05-03,330
2017-05-04,294
2017-05-05,305
2017-05-06,312
2017-05-07,287
2017-05-08,284
2017-05-09,280
2017-05-10,274
2017-05-11,284
2017-05-12,334
2017-05-13,276
2017-05-14,277
2017-05-15,299
2017-05-16,317
2017-05-17,338
2017-05-18,304
2017-05-19,293
2017-05-20,286
2017-05-21,273
2017-05-22,280
2017-05-23,291
2017-05-24,296
2017-05-25,260
2017-05-26,275
2017-05-27,290
2017-05-28,317
2017-05-29,319
2017-05-30,284
2017-05-31,275
2017-06-01,283
2017-06-02,320
2017-06-03,272
2017-06-04,228
2017-06-05,233
2017-06-06,283
2017-06-07,264
2017-06-08,260
2017-06-09,274
2017-06-10,263
2017-06-11,238
2017-06-12,245
2017-06-13,256
2017-06-14,271
2017-06-15,287
2017-06-16,287
2017-06-17,261
2017-06-18,261
2017-06-19,307
2017-06-20,295
2017-06-21,288
2017-06-22,368
2017-06-23,308
2017-06-24,281
2017-06-25,254
2017-06-26,253
2017-06-27,273
2017-06-28,281
2017-06-29,258
2017-06-30,269
2017-07-01,247
2017-07-02,240
2017-07-03,298
2017-07-04,265
2017-07-05,251
2017-07-06,288
2017-07-07,281
2017-07-08,290
2017-07-09,228
2017-07-10,284
2017-07-11,242
2017-07-12,278
2017-07-13,281
2017-07-14,264
2017-07-15,247
2017-07-16,251
2017-07-17,256
2017-07-18,273
2017-07-19,291
2017-07-20,291
2017-07-21,214
2017-07-22,250
2017-07-23,252
2017-07-24,265
2017-07-25,265
2017-07-26,258
2017-07-27,274
2017-07-28,263
2017-07-29,296
2017-07-30,276
2017-07-31,268
2017-08-01,267
2017-08-02,259
2017-08-03,288
2017-08-04,276
2017-08-05,234
2017-08-06,216
2017-08-07,286
2017-08-08,272
2017-08-09,254
2017-08-10,244
2017-08-11,278
2017-08-12,231
2017-08-13,261
2017-08-14,257
2017-08-15,258
2017-08-16,277
2017-08-17,259
2017-08-18,272
2017-08-19,252
2017-08-20,209
2017-08-21,258
2017-08-22,291
2017-08-23,288
2017-08-24,267
2017-08-25,293
2017-08-26,295
2017-08-27,259
2017-08-28,269
2017-08-29,299
2017-08-30,299
2017-08-31,268
2017-09-01,284
2017-09-02,261
2017-09-03,244
2017-09-04,277
2017-09-05,268
2017-09-06,257
2017-09-07,283
2017-09-08,264
2017-09-09,293
2017-09-10,241
2017-09-11,251
2017-09-12,260
2017-09-13,268
2017-09-14,280
2017-09-15,273
2017-09-16,236
2017-09-17,255
2017-09-18,269
2017-09-19,284
2017-09-20,246
2017-09-21,288
2017-09-22,312
2017-09-23,258
2017-09-24,251
2017-09-25,267
2017-09-26,283
2017-09-27,298
2017-09-28,275
2017-09-29,293
2017-09-30,289
2017-10-01,258
2017-10-02,293
2017-10-03,282
2017-10-04,272
2017-10-05,259
2017-10-06,288
2017-10-07,292
2017-10-08,269
2017-10-09,292
2017-10-10,291
2017-10-11,310
2017-10-12,312
2017-10-13,323
2017-10-14,241
2017-10-15,290
2017-10-16,296
2017-10-17,306
2017-10-18,255
2017-10-19,286
2017-10-20,305
2017-10-21,302
2017-10-22,257
2017-10-23,247
2017-10-24,277
2017-10-25,303
2017-10-26,265
2017-10-27,270
2017-10-28,276
2017-10-29,275
2017-10-30,285
2017-10-31,292
2017-11-01,264
2017-11-02,273
2017-11-03,270
2017-11-04,270
2017-11-05,238
2017-11-06,267
2017-11-07,293
2017-11-08,271
2017-11-09,282
2017-11-10,280
2017-11-11,286
2017-11-12,260
2017-11-13,296
2017-11-14,312
2017-11-15,288
2017-11-16,312
2017-11-17,298
2017-11-18,298
2017-11-19,274
2017-11-20,306
2017-11-21,318
2017-11-22,303
2017-11-23,302
2017-11-24,308
2017-11-25,314
2017-11-26,263
2017-11-27,296
2017-11-28,301
2017-11-29,304
2017-11-30,291
2017-12-01,294
2017-12-02,310
2017-12-03,284
2017-12-04,340
2017-12-05,329
2017-12-06,319
2017-12-07,323
2017-12-08,346
2017-12-09,329
2017-12-10,290
2017-12-11,342
2017-12-12,310
2017-12-13,345
2017-12-14,344
2017-12-15,356
2017-12-16,331
2017-12-17,297
2017-12-18,300
2017-12-19,319
2017-12-20,348
2017-12-21,325
2017-12-22,361
2017-12-23,301
2017-12-24,318
2017-12-25,341
2017-12-26,352
2017-12-27,331
2017-12-28,350
2017-12-29,343
2017-12-30,320
2017-12-31,313
2018-01-01,317
2018-01-02,357
2018-01-03,359
2018-01-04,363
2018-01-05,374
2018-01-06,303
2018-01-07,309
2018-01-08,296
2018-01-09,348
2018-01-10,350
2018-01-11,349
2018-01-12,354
2018-01-13,309
2018-01-14,311
2018-01-15,314
2018-01-16,337
2018-01-17,335
2018-01-18,332
2018-01-19,336
2018-01-20,343
2018-01-21,339
2018-01-22,317
2018-01-23,352
2018-01-24,323
2018-01-25,347
2018-01-26,298
2018-01-27,315
2018-01-28,301
2018-01-29,331
2018-01-30,355
2018-01-31,386
2018-02-01,342
2018-02-02,325
2018-02-03,315
2018-02-04,301
2018-02-05,309
2018-02-06,345
2018-02-07,309
2018-02-08,367
2018-02-09,367
2018-02-10,342
2018-02-11,314
2018-02-12,345
2018-02-13,357
2018-02-14,385
2018-02-15,382
2018-02-16,376
2018-02-17,386
2018-02-18,334
2018-02-19,327
2018-02-20,374
2018-02-21,385
2018-02-22,404
2018-02-23,383
2018-02-24,394
2018-02-25,361
2018-02-26,390
2018-02-27,425
2018-02-28,445
2018-03-01,441
2018-03-02,441
2018-03-03,443
2018-03-04,417
2018-03-05,445
2018-03-06,415
2018-03-07,462
2018-03-08,438
2018-03-09,460
2018-03-10,407
2018-03-11,389
2018-03-12,416
2018-03-13,427
2018-03-14,389
2018-03-15,388
2018-03-16,394
2018-03-17,364
2018-03-18,346
2018-03-19,376
2018-03-20,378
2018-03-21,374
2018-03-22,392
2018-03-23,414
2018-03-24,340
2018-03-25,320
2018-03-26,342
2018-03-27,358
2018-03-28,392
2018-03-29,345
2018-03-30,359
2018-03-31,330
2018-04-01,334
2018-04-02,315
2018-04-03,312
2018-04-04,326
2018-04-05,326
2018-04-06,326
2018-04-07,301
2018-04-08,297
2018-04-09,324
2018-04-10,321
2018-04-11,354
2018-04-12,335
2018-04-13,279
2018-04-14,267
2018-04-15,295
2018-04-16,266
2018-04-17,277
2018-04-18,289
2018-04-19,330
2018-04-20,336
2018-04-21,271
2018-04-22,275
2018-04-23,277
2018-04-24,327
2018-04-25,276
2018-04-26,298
2018-04-27,277
2018-04-28,254
2018-04-29,244
2018-04-30,262
2018-05-01,267
2018-05-02,231
2018-05-03,251
2018-05-04,289
2018-05-05,286
2018-05-06,281
2018-05-07,279
2018-05-08,298
2018-05-09,331
2018-05-10,257
2018-05-11,279
2018-05-12,278
2018-05-13,258
2018-05-14,278
2018-05-15,290
2018-05-16,273
2018-05-17,268
2018-05-18,265
2018-05-19,238
2018-05-20,248
2018-05-21,255
2018-05-22,281
2018-05-23,300
2018-05-24,281
2018-05-25,295
2018-05-26,270
2018-05-27,269
2018-05-28,277
2018-05-29,302
2018-05-30,311
2018-05-31,273
2018-06-01,275
2018-06-02,278
2018-06-03,237
2018-06-04,222
2018-06-05,280
2018-06-06,270
2018-06-07,274
2018-06-08,281
2018-06-09,253
2018-06-10,231
2018-06-11,252
2018-06-12,239
2018-06-13,259
2018-06-14,232
2018-06-15,291
2018-06-16,252
2018-06-17,209
2018-06-18,228
2018-06-19,266
2018-06-20,292
2018-06-21,243
2018-06-22,243
2018-06-23,240
2018-06-24,267
2018-06-25,277
2018-06-26,291
2018-06-27,255
2018-06-28,273
2018-06-29,297
2018-06-30,286
2018-07-01,271
2018-07-02,318
2018-07-03,285
2018-07-04,285
2018-07-05,308
2018-07-06,311
2018-07-07,300
2018-07-08,273
2018-07-09,251
2018-07-10,281
2018-07-11,252
2018-07-12,235
2018-07-13,283
2018-07-14,278
2018-07-15,253
2018-07-16,274
2018-07-17,279
2018-07-18,297
2018-07-19,294
2018-07-20,304
2018-07-21,285
2018-07-22,255
2018-07-23,254
2018-07-24,281
2018-07-25,295
2018-07-26,321
2018-07-27,311
2018-07-28,339
2018-07-29,306
2018-07-30,311
2018-07-31,328
2018-08-01,320
2018-08-02,295
2018-08-03,289
2018-08-04,329
2018-08-05,253
2018-08-06,285
2018-08-07,322
2018-08-08,299
2018-08-09,327
2018-08-10,283
2018-08-11,250
2018-08-12,234
2018-08-13,293
2018-08-14,260
2018-08-15,268
2018-08-16,299
2018-08-17,258
2018-08-18,246
2018-08-19,263
2018-08-20,244
2018-08-21,243
2018-08-22,297
2018-08-23,264
2018-08-24,276
2018-08-25,230
2018-08-26,270
2018-08-27,234
2018-08-28,277
2018-08-29,280
2018-08-30,265
2018-08-31,246
2018-09-01,272
2018-09-02,251
2018-09-03,263
2018-09-04,292
2018-09-05,269
2018-09-06,277
2018-09-07,307
2018-09-08,264
2018-09-09,237
2018-09-10,263
2018-09-11,269
2018-09-12,269
2018-09-13,262
2018-09-14,263
2018-09-15,258
2018-09-16,227
2018-09-17,282
2018-09-18,322
2018-09-19,310
2018-09-20,266
2018-09-21,277
2018-09-22,286
2018-09-23,227
2018-09-24,227
2018-09-25,271
2018-09-26,256
2018-09-27,299
2018-09-28,267
2018-09-29,271
2018-09-30,240
2018-10-01,284
2018-10-02,288
2018-10-03,311
2018-10-04,270
2018-10-05,302
2018-10-06,280
2018-10-07,230
2018-10-08,284
2018-10-09,240
2018-10-10,319
2018-10-11,291
2018-10-12,303
2018-10-13,304
2018-10-14,265
2018-10-15,318
2018-10-16,299
2018-10-17,290
2018-10-18,265
2018-10-19,281
2018-10-20,242
2018-10-21,262
2018-10-22,270
2018-10-23,265
2018-10-24,294
2018-10-25,260
2018-10-26,308
2018-10-27,265
2018-10-28,256
2018-10-29,274
2018-10-30,289
2018-10-31,257
2018-11-01,278
2018-11-02,280
2018-11-03,287
2018-11-04,242
2018-11-05,307
2018-11-06,315
2018-11-07,311
2018-11-08,276
2018-11-09,283
2018-11-10,268
2018-11-11,289
2018-11-12,316
2018-11-13,299
2018-11-14,284
2018-11-15,291
2018-11-16,288
2018-11-17,269
2018-11-18,270
2018-11-19,298
2018-11-20,277
2018-11-21,327
2018-11-22,292
2018-11-23,317
2018-11-24,272
2018-11-25,277
2018-11-26,293
2018-11-27,322
2018-11-28,307
2018-11-29,301
2018-11-30,293
2018-12-01,320
2018-12-02,271
2018-12-03,283
2018-12-04,313
2018-12-05,323
2018-12-06,309
2018-12-07,351
2018-12-08,312
2018-12-09,282
2018-12-10,326
2018-12-11,305
2018-12-12,318
2018-12-13,327
2018-12-14,310
2018-12-15,335
2018-12-16,312
2018-12-17,310
2018-12-18,345
2018-12-19,319
2018-12-20,337
2018-12-21,329
2018-12-22,315
2018-12-23,308
2018-12-24,292
2018-12-25,284
2018-12-26,314
2018-12-27,325
2018-12-28,335
2018-12-29,380
2018-12-30,321
2018-12-31,304
2019-01-01,326
2019-01-02,355
2019-01-03,355
2019-01-04,356
2019-01-05,323
2019-01-06,289
2019-01-07,333
2019-01-08,372
2019-01-09,318
2019-01-10,335
2019-01-11,325
2019-01-12,347
2019-01-13,317
2019-01-14,349
2019-01-15,332
2019-01-16,339
2019-01-17,322
2019-01-18,339
2019-01-19,336
2019-01-20,295
2019-01-21,313
2019-01-22,336
2019-01-23,333
2019-01-24,365
2019-01-25,380
2019-01-26,339
2019-01-27,329
2019-01-28,321
2019-01-29,352
2019-01-30,372
2019-01-31,365
2019-02-01,346
2019-02-02,333
2019-02-03,332
2019-02-04,330
2019-02-05,378
2019-02-06,355
2019-02-07,423
2019-02-08,348
2019-02-09,377
2019-02-10,333
2019-02-11,371
2019-02-12,345
2019-02-13,349
2019-02-14,345
2019-02-15,343
2019-02-16,341
2019-02-17,315
2019-02-18,342
2019-02-19,364
2019-02-20,360
2019-02-21,375
2019-02-22,332
2019-02-23,348
2019-02-24,297
2019-02-25,360
2019-02-26,314
2019-02-27,367
2019-02-28,343
2019-03-01,395
2019-03-02,314
2019-03-03,335
2019-03-04,327
2019-03-05,334
2019-03-06,381
2019-03-07,372
2019-03-08,347
2019-03-09,336
2019-03-10,292
2019-03-11,298
2019-03-12,349
2019-03-13,352
2019-03-14,344
2019-03-15,335
2019-03-16,325
2019-03-17,332
2019-03-18,274
2019-03-19,317
2019-03-20,324
2019-03-21,341
2019-03-22,341
2019-03-23,305
2019-03-24,265
2019-03-25,303
2019-03-26,291
2019-03-27,292
2019-03-28,298
2019-03-29,292
2019-03-30,281
2019-03-31,306
2019-04-01,289
2019-04-02,301
2019-04-03,312
2019-04-04,348
2019-04-05,323
2019-04-06,324
2019-04-07,286
2019-04-08,234
2019-04-09,301
2019-04-10,303
2019-04-11,267
2019-04-12,301
2019-04-13,274
2019-04-14,289
2019-04-15,277
2019-04-16,316
2019-04-17,327
2019-04-18,312
2019-04-19,295
2019-04-20,278
2019-04-21,290
2019-04-22,283
2019-04-23,292
2019-04-24,308
2019-04-25,279
2019-04-26,316
2019-04-27,298
2019-04-28,270
2019-04-29,306
2019-04-30,302
2019-05-01,272
2019-05-02,294
2019-05-03,307
2019-05-04,300
2019-05-05,230
2019-05-06,294
2019-05-07,287
2019-05-08,311
2019-05-09,307
2019-05-10,297
2019-05-11,265
2019-05-12,273
2019-05-13,281
2019-05-14,296
2019-05-15,280
2019-05-16,307
2019-05-17,293
2019-05-18,299
2019-05-19,278
2019-05-20,313
2019-05-21,275
2019-05-22,283
2019-05-23,307
2019-05-24,267
2019-05-25,284
2019-05-26,266
2019-05-27,264
2019-05-28,314
2019-05-29,237
2019-05-30,290
2019-05-31,258
2019-06-01,301
2019-06-02,269
2019-06-03,283
2019-06-04,310
2019-06-05,280
2019-06-06,270
2019-06-07,297
2019-06-08,278
2019-06-09,248
2019-06-10,253
2019-06-11,257
2019-06-12,255
2019-06-13,264
2019-06-14,308
2019-06-15,266
2019-06-16,244
2019-06-17,283
2019-06-18,287
2019-06-19,303
2019-06-20,295
2019-06-21,240
2019-06-22,245
2019-06-23,260
2019-06-24,307
2019-06-25,314
2019-06-26,310
2019-06-27,265
2019-06-28,295
2019-06-29,242
2019-06-30,247
2019-07-01,315
2019-07-02,286
2019-07-03,298
2019-07-04,239
2019-07-05,294
2019-07-06,281
2019-07-07,222
2019-07-08,246
2019-07-09,218
2019-07-10,279
2019-07-11,256
2019-07-12,270
2019-07-13,284
2019-07-14,235
2019-07-15,272
2019-07-16,292
2019-07-17,277
2019-07-18,264
2019-07-19,277
2019-07-20,263
2019-07-21,237
2019-07-22,271
2019-07-23,275
2019-07-24,345
2019-07-25,387
2019-07-26,427
2019-07-27,330
2019-07-28,283
2019-07-29,273
2019-07-30,288
2019-07-31,271
2019-08-01,295
2019-08-02,273
2019-08-03,262
2019-08-04,254
2019-08-05,257
2019-08-06,251
2019-08-07,273
2019-08-08,248
2019-08-09,256
2019-08-10,244
2019-08-11,237
2019-08-12,246
2019-08-13,276
2019-08-14,268
2019-08-15,224
2019-08-16,275
2019-08-17,246
2019-08-18,242
2019-08-19,245
2019-08-20,253
2019-08-21,306
2019-08-22,256
2019-08-23,257
2019-08-24,273
2019-08-25,269
2019-08-26,306
2019-08-27,306
2019-08-28,282
2019-08-29,321
2019-08-30,279
2019-08-31,262
2019-09-01,250
2019-09-02,280
2019-09-03,246
2019-09-04,289
2019-09-05,250
2019-09-06,278
2019-09-07,264
2019-09-08,231
2019-09-09,254
2019-09-10,281
2019-09-11,273
2019-09-12,266
2019-09-13,270
2019-09-14,256
2019-09-15,233
2019-09-16,258
2019-09-17,272
2019-09-18,273
2019-09-19,285
2019-09-20,285
2019-09-21,261
2019-09-22,289
2019-09-23,299
2019-09-24,270
2019-09-25,251
2019-09-26,260
2019-09-27,297
2019-09-28,258
2019-09-29,271
2019-09-30,253
2019-10-01,320
2019-10-02,289
2019-10-03,289
2019-10-04,310
2019-10-05,306
2019-10-06,281
2019-10-07,260
2019-10-08,273
2019-10-09,297
2019-10-10,289
2019-10-11,281
2019-10-12,262
2019-10-13,289
2019-10-14,272
2019-10-15,272
2019-10-16,247
2019-10-17,286
2019-10-18,309
2019-10-19,277
2019-10-20,298
2019-10-21,295
2019-10-22,296
2019-10-23,311
2019-10-24,301
2019-10-25,299
2019-10-26,322
2019-10-27,241
2019-10-28,271
2019-10-29,290
2019-10-30,277
2019-10-31,278
2019-11-01,281
2019-11-02,270
2019-11-03,268
2019-11-04,295
2019-11-05,308
2019-11-06,288
2019-11-07,283
2019-11-08,280
2019-11-09,304
2019-11-10,243
2019-11-11,263
2019-11-12,265
2019-11-13,290
2019-11-14,317
2019-11-15,297
2019-11-16,293
2019-11-17,289
2019-11-18,329
2019-11-19,274
2019-11-20,320
2019-11-21,324
2019-11-22,336
2019-11-23,301
2019-11-24,303
2019-11-25,318
2019-11-26,323
2019-11-27,299
2019-11-28,317
2019-11-29,302
2019-11-30,287
2019-12-01,276
2019-12-02,290
2019-12-03,280
2019-12-04,299
2019-12-05,321
2019-12-06,371
2019-12-07,311
2019-12-08,289
2019-12-09,300
2019-12-10,320
2019-12-11,314
2019-12-12,339
2019-12-13,324
2019-12-14,306
2019-12-15,310
2019-12-16,340
2019-12-17,354
2019-12-18,327
2019-12-19,351
2019-12-20,341
2019-12-21,317
2019-12-22,307
2019-12-23,309
2019-12-24,328
2019-12-25,278
2019-12-26,303
2019-12-27,345
2019-12-28,283
2019-12-29,306
2019-12-30,311
2019-12-31,302
2020-01-01,325
2020-01-02,325
2020-01-03,351
2020-01-04,322
2020-01-05,298
2020-01-06,367
2020-01-07,324
2020-01-08,380
2020-01-09,383
2020-01-10,323
2020-01-11,320
2020-01-12,291
2020-01-13,323
2020-01-14,346
2020-01-15,322
2020-01-16,348
2020-01-17,334
2020-01-18,331
2020-01-19,310
2020-01-20,311
2020-01-21,315
2020-01-22,331
2020-01-23,325
2020-01-24,337
2020-01-25,261
2020-01-26,324
2020-01-27,310
2020-01-28,329
2020-01-29,328
2020-01-30,330
2020-01-31,393
2020-02-01,336
2020-02-02,330
2020-02-03,320
2020-02-04,315
2020-02-05,329
2020-02-06,292
2020-02-07,303
2020-02-08,318
2020-02-09,292
2020-02-10,336
2020-02-11,324
2020-02-12,320
2020-02-13,335
2020-02-14,352
2020-02-15,343
2020-02-16,297
2020-02-17,286
2020-02-18,327
2020-02-19,365
2020-02-20,342
2020-02-21,334
2020-02-22,333
2020-02-23,314
2020-02-24,323
2020-02-25,349
2020-02-26,337
2020-02-27,321
2020-02-28,305
2020-02-29,309
2020-03-01,305
2020-03-02,352
2020-03-03,306
2020-03-04,336
2020-03-05,322
2020-03-06,313
2020-03-07,281
2020-03-08,302
2020-03-09,288
2020-03-10,345
2020-03-11,338
2020-03-12,314
2020-03-13,325
2020-03-14,332
2020-03-15,292
2020-03-16,353
2020-03-17,317
2020-03-18,366
2020-03-19,356
2020-03-20,392
2020-03-21,392
2020-03-22,378
2020-03-23,439
2020-03-24,395
2020-03-25,450
2020-03-26,443
2020-03-27,515
2020-03-28,505
2020-03-29,451
2020-03-30,514
2020-03-31,569
2020-04-01,606
2020-04-02,601
2020-04-03,550
2020-04-04,599
2020-04-05,582
2020-04-06,555
2020-04-07,641
2020-04-08,641
2020-04-09,614
2020-04-10,675
2020-04-11,603
2020-04-12,563
2020-04-13,573
2020-04-14,538
2020-04-15,573
2020-04-16,555
2020-04-17,509
2020-04-18,488
2020-04-19,467
2020-04-20,464
2020-04-21,483
2020-04-22,463
2020-04-23,428
2020-04-24,408
2020-04-25,395
2020-04-26,398
2020-04-27,368
2020-04-28,415
2020-04-29,342
2020-04-30,352
2020-05-01,317
2020-05-02,301
2020-05-03,334
2020-05-04,338
2020-05-05,355
2020-05-06,314
2020-05-07,330
2020-05-08,353
2020-05-09,368
2020-05-10,332
2020-05-11,316
2020-05-12,303
2020-05-13,282
2020-05-14,293
2020-05-15,303
2020-05-16,270
2020-05-17,275
2020-05-18,306
2020-05-19,273
2020-05-20,326
2020-05-21,294
2020-05-22,324
2020-05-23,290
2020-05-24,269
2020-05-25,305
2020-05-26,272
2020-05-27,317
2020-05-28,294
2020-05-29,259
2020-05-30,282
2020-05-31,254
2020-06-01,254
2020-06-02,275
2020-06-03,272
2020-06-04,286
2020-06-05,259
2020-06-06,241
2020-06-07,212
2020-06-08,247
2020-06-09,276
2020-06-10,289
2020-06-11,286
2020-06-12,270
2020-06-13,266
2020-06-14,265
2020-06-15,292
2020-06-16,276
2020-06-17,276
2020-06-18,257
2020-06-19,237
2020-06-20,243
2020-06-21,241
2020-06-22,267
2020-06-23,274
2020-06-24,290
2020-06-25,281
2020-06-26,319
2020-06-27,273
2020-06-28,264
2020-06-29,255
2020-06-30,249
2020-07-01,275
2020-07-02,266
2020-07-03,252
2020-07-04,240
2020-07-05,231
2020-07-06,212
2020-07-07,255
2020-07-08,235
2020-07-09,260
2020-07-10,254
2020-07-11,231
2020-07-12,235
2020-07-13,244
2020-07-14,235
2020-07-15,303
2020-07-16,269
2020-07-17,259
2020-07-18,274
2020-07-19,275
2020-07-20,249
2020-07-21,240
2020-07-22,258
2020-07-23,300
2020-07-24,250
2020-07-25,239
2020-07-26,274
2020-07-27,261
2020-07-28,270
2020-07-29,277
2020-07-30,284
2020-07-31,297
2020-08-01,292
2020-08-02,266
2020-08-03,260
2020-08-04,263
2020-08-05,269
2020-08-06,309
2020-08-07,304
2020-08-08,311
2020-08-09,330
2020-08-10,383
2020-08-11,404
2020-08-12,447
2020-08-13,492
2020-08-14,416
2020-08-15,397
2020-08-16,343
2020-08-17,331
2020-08-18,322
2020-08-19,342
2020-08-20,340
2020-08-21,310
2020-08-22,280
2020-08-23,290
2020-08-24,266
2020-08-25,296
2020-08-26,299
2020-08-27,252
2020-08-28,272
2020-08-29,248
2020-08-30,246
2020-08-31,267
2020-09-01,262
2020-09-02,259
2020-09-03,275
2020-09-04,292
2020-09-05,286
2020-09-06,250
2020-09-07,255
2020-09-08,267
2020-09-09,274
2020-09-10,249
2020-09-11,297
2020-09-12,247
2020-09-13,236
2020-09-14,275
2020-09-15,332
2020-09-16,302
2020-09-17,274
2020-09-18,281
2020-09-19,274
2020-09-20,266
2020-09-21,250
2020-09-22,272
2020-09-23,294
2020-09-24,281
2020-09-25,289
2020-09-26,288
2020-09-27,242
2020-09-28,297
2020-09-29,281
2020-09-30,242
2020-10-01,292
2020-10-02,268
2020-10-03,259
2020-10-04,281
2020-10-05,274
2020-10-06,302
2020-10-07,279
2020-10-08,310
2020-10-09,296
2020-10-10,279
2020-10-11,320
2020-10-12,293
2020-10-13,331
2020-10-14,290
2020-10-15,293
2020-10-16,342
2020-10-17,301
2020-10-18,307
2020-10-19,317
2020-10-20,349
2020-10-21,386
2020-10-22,374
2020-10-23,408
2020-10-24,398
2020-10-25,397
2020-10-26,433
2020-10-27,478
2020-10-28,452
2020-10-29,435
2020-10-30,505
2020-10-31,503
2020-11-01,476
2020-11-02,518
2020-11-03,536
2020-11-04,502
2020-11-05,500
2020-11-06,565
2020-11-07,561
2020-11-08,507
2020-11-09,529
2020-11-10,548
2020-11-11,483
2020-11-12,466
2020-11-13,496
2020-11-14,471
2020-11-15,439
2020-11-16,498
2020-11-17,483
2020-11-18,461
2020-11-19,445
2020-11-20,462
2020-11-21,452
2020-11-22,378
2020-11-23,429
2020-11-24,412
2020-11-25,425
2020-11-26,439
2020-11-27,413
2020-11-28,414
2020-11-29,361
2020-11-30,366
2020-12-01,396
2020-12-02,411
2020-12-03,387
2020-12-04,419
2020-12-05,378
2020-12-06,347
2020-12-07,422
2020-12-08,397
2020-12-09,390
2020-12-10,371
2020-12-11,437
2020-12-12,398
2020-12-13,365
2020-12-14,396
2020-12-15,436
2020-12-16,387
2020-12-17,397
2020-12-18,390
2020-12-19,377
2020-12-20,353
2020-12-21,365
2020-12-22,423
2020-12-23,407
2020-12-24,392
2020-12-25,357
2020-12-26,323
2020-12-27,350
2020-12-28,385
2020-12-29,381
2020-12-30,337
2020-12-31,369
2021-01-01,340
2021-01-02,309
2021-01-03,320
2021-01-04,339
2021-01-05,363
2021-01-06,359
2021-01-07,368
2021-01-08,382
2021-01-09,332
2021-01-10,323
2021-01-11,370
2021-01-12,367
2021-01-13,350
2021-01-14,340
2021-01-15,335
2021-01-16,341
2021-01-17,293
2021-01-18,354
2021-01-19,376
2021-01-20,362
2021-01-21,355
2021-01-22,352
2021-01-23,345
2021-01-24,293
2021-01-25,326
2021-01-26,346
2021-01-27,347
2021-01-28,364
2021-01-29,369
2021-01-30,336
2021-01-31,342
2021-02-01,310
2021-02-02,366
2021-02-03,283
2021-02-04,329
2021-02-05,331
2021-02-06,348
2021-02-07,308
2021-02-08,287
2021-02-09,311
2021-02-10,290
2021-02-11,339
2021-02-12,329
2021-02-13,335
2021-02-14,333
2021-02-15,337
2021-02-16,334
2021-02-17,326
2021-02-18,336
2021-02-19,346
2021-02-20,334
2021-02-21,303
2021-02-22,271
2021-02-23,329
2021-02-24,331
2021-02-25,302
2021-02-26,289
2021-02-27,306
2021-02-28,309
2021-03-01,276
2021-03-02,304
2021-03-03,287
2021-03-04,288
2021-03-05,292
2021-03-06,300
2021-03-07,268
2021-03-08,310
2021-03-09,323
2021-03-10,293
2021-03-11,320
2021-03-12,311
2021-03-13,325
2021-03-14,273
2021-03-15,293
2021-03-16,320
2021-03-17,291
2021-03-18,280
2021-03-19,339
2021-03-20,273
2021-03-21,305
2021-03-22,303
2021-03-23,299
2021-03-24,304
2021-03-25,288
2021-03-26,298
2021-03-27,320
2021-03-28,303
2021-03-29,313
2021-03-30,317
2021-03-31,333
2021-04-01,323
2021-04-02,339
2021-04-03,314
2021-04-04,278
2021-04-05,295
2021-04-06,340
2021-04-07,307
2021-04-08,328
2021-04-09,341
2021-04-10,329
2021-04-11,265
2021-04-12,322
2021-04-13,311
2021-04-14,327
2021-04-15,306
2021-04-16,287
2021-04-17,298
2021-04-18,314
2021-04-19,325
2021-04-20,304
2021-04-21,332
2021-04-22,310
2021-04-23,328
2021-04-24,303
2021-04-25,309
2021-04-26,324
2021-04-27,329
2021-04-28,349
2021-04-29,317
2021-04-30,314
2021-05-01,302
2021-05-02,266
2021-05-03,295
2021-05-04,305
2021-05-05,361
2021-05-06,313
2021-05-07,327
2021-05-08,321
2021-05-09,329
2021-05-10,309
2021-05-11,288
2021-05-12,308
2021-05-13,309
2021-05-14,310
2021-05-15,293
2021-05-16,259
2021-05-17,276
2021-05-18,309
2021-05-19,312
2021-05-20,282
2021-05-21,317
2021-05-22,275
2021-05-23,256
2021-05-24,276
2021-05-25,290
2021-05-26,292
2021-05-27,293
2021-05-28,295
2021-05-29,268
2021-05-30,281
2021-05-31,284
2021-06-01,272
2021-06-02,303
2021-06-03,304
2021-06-04,311
2021-06-05,274
2021-06-06,244
2021-06-07,264
2021-06-08,264
2021-06-09,270
2021-06-10,304
2021-06-11,298
2021-06-12,257
2021-06-13,221
2021-06-14,260
2021-06-15,270
2021-06-16,293
2021-06-17,270
2021-06-18,322
2021-06-19,298
2021-06-20,251
2021-06-21,256
2021-06-22,257
2021-06-23,258
2021-06-24,290
2021-06-25,241
2021-06-26,256
2021-06-27,222
2021-06-28,250
2021-06-29,287
2021-06-30,283
2021-07-01,259
2021-07-02,300
2021-07-03,288
2021-07-04,261
2021-07-05,220
2021-07-06,282
2021-07-07,261
2021-07-08,264
2021-07-09,274
2021-07-10,293
2021-07-11,235
2021-07-12,263
2021-07-13,283
2021-07-14,226
2021-07-15,270
2021-07-16,315
2021-07-17,266
2021-07-18,283
2021-07-19,270
2021-07-20,290
2021-07-21,281
2021-07-22,298
2021-07-23,316
2021-07-24,272
2021-07-25,272
2021-07-26,289
2021-07-27,264
2021-07-28,244
2021-07-29,295
2021-07-30,261
2021-07-31,272
2021-08-01,265
2021-08-02,274
2021-08-03,300
2021-08-04,231
2021-08-05,279
2021-08-06,274
2021-08-07,279
2021-08-08,240
2021-08-09,257
2021-08-10,285
2021-08-11,285
2021-08-12,258
2021-08-13,298
2021-08-14,243
2021-08-15,264
2021-08-16,248
2021-08-17,252
2021-08-18,270
2021-08-19,279
2021-08-20,291
2021-08-21,265
2021-08-22,235
2021-08-23,305
2021-08-24,247
2021-08-25,287
2021-08-26,263
2021-08-27,261
2021-08-28,231
2021-08-29,267
2021-08-30,260
2021-08-31,281
2021-09-01,252
2021-09-02,295
2021-09-03,314
2021-09-04,268
2021-09-05,284
2021-09-06,271
2021-09-07,288
2021-09-08,289
2021-09-09,305
2021-09-10,309
2021-09-11,284
2021-09-12,266
2021-09-13,270
2021-09-14,253
2021-09-15,268
2021-09-16,288
2021-09-17,303
2021-09-18,277
2021-09-19,236
2021-09-20,272
2021-09-21,267
2021-09-22,250
2021-09-23,290
2021-09-24,275
2021-09-25,265
2021-09-26,266
2021-09-27,257
2021-09-28,267
2021-09-29,279
2021-09-30,301
2021-10-01,286
2021-10-02,271
2021-10-03,278
2021-10-04,273
2021-10-05,272
2021-10-06,311
2021-10-07,316
2021-10-08,286
2021-10-09,301
2021-10-10,295
2021-10-11,304
2021-10-12,311
2021-10-13,305
2021-10-14,330
2021-10-15,348
2021-10-16,309
2021-10-17,314
2021-10-18,335
2021-10-19,336
2021-10-20,373
2021-10-21,338
2021-10-22,311
2021-10-23,338
2021-10-24,304
2021-10-25,296
2021-10-26,360
2021-10-27,302
2021-10-28,350
2021-10-29,359
2021-10-30,333
2021-10-31,327
2021-11-01,297
2021-11-02,297
2021-11-03,322
2021-11-04,351
2021-11-05,369
2021-11-06,346
2021-11-07,294
2021-11-08,323
2021-11-09,307
2021-11-10,369
2021-11-11,365
2021-11-12,360
2021-11-13,310
2021-11-14,348
2021-11-15,337
2021-11-16,335
2021-11-17,341
2021-11-18,355
2021-11-19,368
2021-11-20,350
2021-11-21,311
2021-11-22,317
2021-11-23,347
2021-11-24,356
2021-11-25,359
2021-11-26,364
2021-11-27,359
2021-11-28,383
2021-11-29,376
2021-11-30,388
2021-12-01,396
2021-12-02,376
2021-12-03,426
2021-12-04,386
2021-12-05,380
2021-12-06,394
2021-12-07,390
2021-12-08,386
2021-12-09,365
2021-12-10,376
2021-12-11,349
2021-12-12,344
2021-12-13,377
2021-12-14,357
2021-12-15,385
2021-12-16,345
2021-12-17,359
2021-12-18,345
2021-12-19,366
2021-12-20,367
2021-12-21,340
2021-12-22,357
2021-12-23,375
2021-12-24,352
2021-12-25,338
2021-12-26,302
2021-12-27,352
2021-12-28,367
2021-12-29,339
2021-12-30,393
2021-12-31,363
2022-01-01,333
2022-01-02,301
2022-01-03,357
2022-01-04,332
2022-01-05,331
2022-01-06,352
2022-01-07,367
2022-01-08,302
2022-01-09,312
2022-01-10,306
2022-01-11,335
2022-01-12,331
2022-01-13,339
2022-01-14,301
2022-01-15,296
2022-01-16,311
2022-01-17,363
2022-01-18,357
2022-01-19,327
2022-01-20,324
2022-01-21,354
2022-01-22,325
2022-01-23,317
2022-01-24,339
2022-01-25,370
2022-01-26,370
2022-01-27,363
2022-01-28,406
2022-01-29,334
2022-01-30,342
2022-01-31,356
2022-02-01,377
2022-02-02,384
2022-02-03,410
2022-02-04,409
2022-02-05,346
2022-02-06,351
2022-02-07,345
2022-02-08,377
2022-02-09,366
2022-02-10,383
2022-02-11,370
2022-02-12,362
2022-02-13,348
2022-02-14,365
2022-02-15,365
2022-02-16,363
2022-02-17,365
2022-02-18,354
2022-02-19,323
2022-02-20,310
2022-02-21,310
2022-02-22,356
2022-02-23,310
2022-02-24,345
2022-02-25,325
2022-02-26,319
2022-02-27,332
2022-02-28,282
2022-03-01,277
2022-03-02,322
2022-03-03,323
2022-03-04,359
2022-03-05,312
2022-03-06,290
2022-03-07,320
2022-03-08,345
2022-03-09,369
2022-03-10,332
2022-03-11,388
2022-03-12,339
2022-03-13,323
2022-03-14,356
2022-03-15,359
2022-03-16,337
2022-03-17,358
2022-03-18,332
2022-03-19,330
2022-03-20,315
2022-03-21,343
2022-03-22,365
2022-03-23,375
2022-03-24,325
2022-03-25,331
2022-03-26,352
2022-03-27,305
2022-03-28,353
2022-03-29,386
2022-03-30,342
2022-03-31,361
2022-04-01,367
2022-04-02,341
2022-04-03,355
2022-04-04,329
2022-04-05,363
2022-04-06,389
2022-04-07,385
2022-04-08,394
2022-04-09,330
2022-04-10,351
2022-04-11,312
2022-04-12,379
2022-04-13,344
2022-04-14,367
2022-04-15,366
2022-04-16,361
2022-04-17,305
2022-04-18,291
2022-04-19,345
2022-04-20,361
2022-04-21,328
2022-04-22,345
2022-04-23,336
2022-04-24,327
2022-04-25,291
2022-04-26,325
2022-04-27,337
2022-04-28,330
2022-04-29,326
2022-04-30,323
2022-05-01,271
2022-05-02,333
2022-05-03,308
2022-05-04,347
2022-05-05,315
2022-05-06,333
2022-05-07,313
2022-05-08,296
2022-05-09,304
2022-05-10,307
2022-05-11,304
2022-05-12,288
2022-05-13,259
2022-05-14,311
2022-05-15,276
2022-05-16,293
2022-05-17,346
2022-05-18,292
2022-05-19,349
2022-05-20,286
2022-05-21,289
2022-05-22,235
2022-05-23,286
2022-05-24,277
2022-05-25,258
2022-05-26,263
2022-05-27,308
2022-05-28,262
2022-05-29,250
2022-05-30,288
2022-05-31,275
2022-06-01,275
2022-06-02,292
2022-06-03,328
2022-06-04,290
2022-06-05,291
2022-06-06,258
2022-06-07,278
2022-06-08,276
2022-06-09,300
2022-06-10,292
2022-06-11,283
2022-06-12,237
2022-06-13,266
2022-06-14,311
2022-06-15,304
2022-06-16,299
2022-06-17,305
2022-06-18,328
2022-06-19,287
2022-06-20,275
2022-06-21,267
2022-06-22,299
2022-06-23,288
2022-06-24,316
2022-06-25,293
2022-06-26,273
2022-06-27,281
2022-06-28,274
2022-06-29,312
2022-06-30,312
2022-07-01,250
2022-07-02,276
2022-07-03,237
2022-07-04,280
2022-07-05,303
2022-07-06,274
2022-07-07,281
2022-07-08,314
2022-07-09,293
2022-07-10,262
2022-07-11,273
2022-07-12,293
2022-07-13,318
2022-07-14,310
2022-07-15,275
2022-07-16,285
2022-07-17,276
2022-07-18,292
2022-07-19,323
2022-07-20,322
2022-07-21,295
2022-07-22,294
2022-07-23,286
2022-07-24,284
2022-07-25,296
2022-07-26,318
2022-07-27,265
2022-07-28,250
2022-07-29,290
2022-07-30,252
2022-07-31,274
